device_name,W (um),L (um),nf,corner,temp,vds,vgs,vbs,cgs
nfet_03v3,200.0,0.28,20,typical,25,0.0,0.0,0.0,59.67291876101312
nfet_03v3,200.0,0.28,20,typical,25,0.0,1.1,0.0,137.6365605139253
nfet_03v3,200.0,0.28,20,typical,25,0.0,2.2,0.0,140.23237768003398
nfet_03v3,200.0,0.28,20,typical,25,0.0,3.3,0.0,138.82417471953556
nfet_03v3,200.0,0.28,20,typical,25,0.1,0.0,0.0,65.4865306214434
nfet_03v3,200.0,0.28,20,typical,25,0.1,1.1,0.0,149.09667154168875
nfet_03v3,200.0,0.28,20,typical,25,0.1,2.2,0.0,143.55903435728743
nfet_03v3,200.0,0.28,20,typical,25,0.1,3.3,0.0,140.70092984048918
nfet_03v3,200.0,0.28,20,typical,25,0.2,0.0,0.0,65.54382640193384
nfet_03v3,200.0,0.28,20,typical,25,0.2,1.1,0.0,162.7082391268683
nfet_03v3,200.0,0.28,20,typical,25,0.2,2.2,0.0,147.19954458767185
nfet_03v3,200.0,0.28,20,typical,25,0.2,3.3,0.0,142.6900483531824
nfet_03v3,200.0,0.28,20,typical,25,0.3,0.0,0.0,65.57311091196229
nfet_03v3,200.0,0.28,20,typical,25,0.3,1.1,0.0,174.91892487905656
nfet_03v3,200.0,0.28,20,typical,25,0.3,2.2,0.0,151.18860414937316
nfet_03v3,200.0,0.28,20,typical,25,0.3,3.3,0.0,144.80107955436358
nfet_03v3,200.0,0.28,20,typical,25,0.4,0.0,0.0,65.60112218242428
nfet_03v3,200.0,0.28,20,typical,25,0.4,1.1,0.0,180.23438175911159
nfet_03v3,200.0,0.28,20,typical,25,0.4,2.2,0.0,155.56122713046878
nfet_03v3,200.0,0.28,20,typical,25,0.4,3.3,0.0,147.0432544308896
nfet_03v3,200.0,0.28,20,typical,25,0.5,0.0,0.0,65.62945176277789
nfet_03v3,200.0,0.28,20,typical,25,0.5,1.1,0.0,181.33637060387778
nfet_03v3,200.0,0.28,20,typical,25,0.5,2.2,0.0,160.341923392613
nfet_03v3,200.0,0.28,20,typical,25,0.5,3.3,0.0,149.42675889929203
nfet_03v3,200.0,0.28,20,typical,25,0.6,0.0,0.0,65.65841796291473
nfet_03v3,200.0,0.28,20,typical,25,0.6,1.1,0.0,181.4805649847787
nfet_03v3,200.0,0.28,20,typical,25,0.6,2.2,0.0,165.5217802588407
nfet_03v3,200.0,0.28,20,typical,25,0.6,3.3,0.0,151.96273380577733
nfet_03v3,200.0,0.28,20,typical,25,0.7,0.0,0.0,65.68770247294319
nfet_03v3,200.0,0.28,20,typical,25,0.7,1.1,0.0,181.4426861076767
nfet_03v3,200.0,0.28,20,typical,25,0.7,2.2,0.0,170.99671039459412
nfet_03v3,200.0,0.28,20,typical,25,0.7,3.3,0.0,154.66263830644365
nfet_03v3,200.0,0.28,20,typical,25,0.8,0.0,0.0,65.71762360275486
nfet_03v3,200.0,0.28,20,typical,25,0.8,1.1,0.0,181.36661004358106
nfet_03v3,200.0,0.28,20,typical,25,0.8,2.2,0.0,176.4254855960636
nfet_03v3,200.0,0.28,20,typical,25,0.8,3.3,0.0,157.53761324749746
nfet_03v3,200.0,0.28,20,typical,25,0.9,0.0,0.0,65.74786304245814
nfet_03v3,200.0,0.28,20,typical,25,0.9,1.1,0.0,181.28193961241186
nfet_03v3,200.0,0.28,20,typical,25,0.9,2.2,0.0,181.06835367513915
nfet_03v3,200.0,0.28,20,typical,25,0.9,3.3,0.0,160.5968896157955
nfet_03v3,200.0,0.28,20,typical,25,1.0,0.0,0.0,65.77873910194465
nfet_03v3,200.0,0.28,20,typical,25,1.0,1.1,0.0,181.19535932189297
nfet_03v3,200.0,0.28,20,typical,25,1.0,2.2,0.0,184.11489764777264
nfet_03v3,200.0,0.28,20,typical,25,1.0,3.3,0.0,163.84492374982037
nfet_03v3,200.0,0.28,20,typical,25,1.1,0.0,0.0,65.8099334713228
nfet_03v3,200.0,0.28,20,typical,25,1.1,1.1,0.0,181.10909734126568
nfet_03v3,200.0,0.28,20,typical,25,1.1,2.2,0.0,185.57307526125442
nfet_03v3,200.0,0.28,20,typical,25,1.1,3.3,0.0,167.27534945173986
nfet_03v3,200.0,0.28,20,typical,25,1.2,0.0,0.0,65.84176446048414
nfet_03v3,200.0,0.28,20,typical,25,1.2,1.1,0.0,181.02315367053
nfet_03v3,200.0,0.28,20,typical,25,1.2,2.2,0.0,186.1142020769975
nfet_03v3,200.0,0.28,20,typical,25,1.2,3.3,0.0,170.85729066206736
nfet_03v3,200.0,0.28,20,typical,25,1.3,0.0,0.0,65.87391375953712
nfet_03v3,200.0,0.28,20,typical,25,1.3,1.1,0.0,180.93752830968597
nfet_03v3,200.0,0.28,20,typical,25,1.3,2.2,0.0,186.26253448648941
nfet_03v3,200.0,0.28,20,typical,25,1.3,3.3,0.0,174.5070318793086
nfet_03v3,200.0,0.28,20,typical,25,1.4,0.0,0.0,65.90669967837331
nfet_03v3,200.0,0.28,20,typical,25,1.4,1.1,0.0,180.85190294884194
nfet_03v3,200.0,0.28,20,typical,25,1.4,2.2,0.0,186.25584997876553
nfet_03v3,200.0,0.28,20,typical,25,1.4,3.3,0.0,178.0418632256773
nfet_03v3,200.0,0.28,20,typical,25,1.5,0.0,0.0,65.93980390710112
nfet_03v3,200.0,0.28,20,typical,25,1.5,1.1,0.0,180.7665958978895
nfet_03v3,200.0,0.28,20,typical,25,1.5,2.2,0.0,186.18550349271894
nfet_03v3,200.0,0.28,20,typical,25,1.5,3.3,0.0,181.14856776782577
nfet_03v3,200.0,0.28,20,typical,25,1.6,0.0,0.0,65.97354475561215
nfet_03v3,200.0,0.28,20,typical,25,1.6,1.1,0.0,180.68128884693704
nfet_03v3,200.0,0.28,20,typical,25,1.6,2.2,0.0,186.08778235599357
nfet_03v3,200.0,0.28,20,typical,25,1.6,3.3,0.0,183.48114265357003
nfet_03v3,200.0,0.28,20,typical,25,1.7,0.0,0.0,66.00760391401482
nfet_03v3,200.0,0.28,20,typical,25,1.7,1.1,0.0,180.595663486093
nfet_03v3,200.0,0.28,20,typical,25,1.7,2.2,0.0,185.97701051371203
nfet_03v3,200.0,0.28,20,typical,25,1.7,3.3,0.0,184.91767519442206
nfet_03v3,200.0,0.28,20,typical,25,1.8,0.0,0.0,66.0422996922007
nfet_03v3,200.0,0.28,20,typical,25,1.8,1.1,0.0,180.51003812524894
nfet_03v3,200.0,0.28,20,typical,25,1.8,2.2,0.0,185.85955416370663
nfet_03v3,200.0,0.28,20,typical,25,1.8,3.3,0.0,185.64946963524167
nfet_03v3,200.0,0.28,20,typical,25,1.9,0.0,0.0,66.07731378027819
nfet_03v3,200.0,0.28,20,typical,25,1.9,1.1,0.0,180.4240944545133
nfet_03v3,200.0,0.28,20,typical,25,1.9,2.2,0.0,185.7389147147851
nfet_03v3,200.0,0.28,20,typical,25,1.9,3.3,0.0,185.96173163891459
nfet_03v3,200.0,0.28,20,typical,25,2.0,0.0,0.0,66.11296448813891
nfet_03v3,200.0,0.28,20,typical,25,2.0,1.1,0.0,180.33783247388598
nfet_03v3,200.0,0.28,20,typical,25,2.0,2.2,0.0,185.61604709662225
nfet_03v3,200.0,0.28,20,typical,25,2.0,3.3,0.0,186.0578612261819
nfet_03v3,200.0,0.28,20,typical,25,2.1,0.0,0.0,66.14925181578286
nfet_03v3,200.0,0.28,20,typical,25,2.1,1.1,0.0,180.25125218336711
nfet_03v3,200.0,0.28,20,typical,25,2.1,2.2,0.0,185.4925428586762
nfet_03v3,200.0,0.28,20,typical,25,2.1,3.3,0.0,186.04735699975865
nfet_03v3,200.0,0.28,20,typical,25,2.2,0.0,0.0,66.18585745331842
nfet_03v3,200.0,0.28,20,typical,25,2.2,1.1,0.0,180.1643535829566
nfet_03v3,200.0,0.28,20,typical,25,2.2,2.2,0.0,185.3680836910553
nfet_03v3,200.0,0.28,20,typical,25,2.2,3.3,0.0,185.98369502143592
nfet_03v3,200.0,0.28,20,typical,25,2.3,0.0,0.0,66.2230997106372
nfet_03v3,200.0,0.28,20,typical,25,2.3,1.1,0.0,180.07681836276285
nfet_03v3,200.0,0.28,20,typical,25,2.3,2.2,0.0,185.24330621354275
nfet_03v3,200.0,0.28,20,typical,25,2.3,3.3,0.0,185.89202177265122
nfet_03v3,200.0,0.28,20,typical,25,2.4,0.0,0.0,66.26097858773923
nfet_03v3,200.0,0.28,20,typical,25,2.4,1.1,0.0,179.98928314256915
nfet_03v3,200.0,0.28,20,typical,25,2.4,2.2,0.0,185.1185287360302
nfet_03v3,200.0,0.28,20,typical,25,2.4,3.3,0.0,185.78538795896068
nfet_03v3,200.0,0.28,20,typical,25,2.5,0.0,0.0,66.29917577473284
nfet_03v3,200.0,0.28,20,typical,25,2.5,1.1,0.0,179.9014296124838
nfet_03v3,200.0,0.28,20,typical,25,2.5,2.2,0.0,184.9931146387345
nfet_03v3,200.0,0.28,20,typical,25,2.5,3.3,0.0,185.67015977819656
nfet_03v3,200.0,0.28,20,typical,25,2.6,0.0,0.0,66.3380095815097
nfet_03v3,200.0,0.28,20,typical,25,2.6,1.1,0.0,179.81293946261522
nfet_03v3,200.0,0.28,20,typical,25,2.6,2.2,0.0,184.86801885133036
nfet_03v3,200.0,0.28,20,typical,25,2.6,3.3,0.0,185.54983863916664
nfet_03v3,200.0,0.28,20,typical,25,2.7,0.0,0.0,66.3774800080698
nfet_03v3,200.0,0.28,20,typical,25,2.7,1.1,0.0,179.72413100285502
nfet_03v3,200.0,0.28,20,typical,25,2.7,2.2,0.0,184.74260475403463
nfet_03v3,200.0,0.28,20,typical,25,2.7,3.3,0.0,185.42601609132896
nfet_03v3,200.0,0.28,20,typical,25,2.8,0.0,0.0,66.4175870544131
nfet_03v3,200.0,0.28,20,typical,25,2.8,1.1,0.0,179.63500423320323
nfet_03v3,200.0,0.28,20,typical,25,2.8,2.2,0.0,184.61719065673887
nfet_03v3,200.0,0.28,20,typical,25,2.8,3.3,0.0,185.3006019940332
nfet_03v3,200.0,0.28,20,typical,25,2.9,0.0,0.0,66.45801241064802
nfet_03v3,200.0,0.28,20,typical,25,2.9,1.1,0.0,179.5455591536598
nfet_03v3,200.0,0.28,20,typical,25,2.9,2.2,0.0,184.4917765594431
nfet_03v3,200.0,0.28,20,typical,25,2.9,3.3,0.0,185.17359634727939
nfet_03v3,200.0,0.28,20,typical,25,3.0,0.0,0.0,66.49907438666617
nfet_03v3,200.0,0.28,20,typical,25,3.0,1.1,0.0,179.4554774543332
nfet_03v3,200.0,0.28,20,typical,25,3.0,2.2,0.0,184.36604415225577
nfet_03v3,200.0,0.28,20,typical,25,3.0,3.3,0.0,185.04595408074235
nfet_03v3,200.0,0.28,20,typical,25,3.1,0.0,0.0,66.54077298246756
nfet_03v3,200.0,0.28,20,typical,25,3.1,1.1,0.0,179.36539575500652
nfet_03v3,200.0,0.28,20,typical,25,3.1,2.2,0.0,184.24063005496
nfet_03v3,200.0,0.28,20,typical,25,3.1,3.3,0.0,184.91767519442206
nfet_03v3,200.0,0.28,20,typical,25,3.2,0.0,0.0,66.58310819805216
nfet_03v3,200.0,0.28,20,typical,25,3.2,1.1,0.0,179.27467743589668
nfet_03v3,200.0,0.28,20,typical,25,3.2,2.2,0.0,184.11489764777264
nfet_03v3,200.0,0.28,20,typical,25,3.2,3.3,0.0,184.78875968831858
nfet_03v3,200.0,0.28,20,typical,25,3.3,0.0,0.0,66.62608003341998
nfet_03v3,200.0,0.28,20,typical,25,3.3,1.1,0.0,179.1836408068952
nfet_03v3,200.0,0.28,20,typical,25,3.3,2.2,0.0,183.98916524058527
nfet_03v3,200.0,0.28,20,typical,25,3.3,3.3,0.0,184.6598441822151
nfet_03v3,100.0,10.0,1,typical,25,0.0,0.0,0.0,30.414223664774358
nfet_03v3,100.0,10.0,1,typical,25,0.0,1.1,0.0,1938.4308455526664
nfet_03v3,100.0,10.0,1,typical,25,0.0,2.2,0.0,1970.2363699226946
nfet_03v3,100.0,10.0,1,typical,25,0.0,3.3,0.0,1944.5837757575566
nfet_03v3,100.0,10.0,1,typical,25,0.1,0.0,0.0,31.574940684543243
nfet_03v3,100.0,10.0,1,typical,25,0.1,1.1,0.0,2219.11969107643
nfet_03v3,100.0,10.0,1,typical,25,0.1,2.2,0.0,2047.7225468381864
nfet_03v3,100.0,10.0,1,typical,25,0.1,3.3,0.0,1989.2171887596116
nfet_03v3,100.0,10.0,1,typical,25,0.2,0.0,0.0,31.57404941684673
nfet_03v3,100.0,10.0,1,typical,25,0.2,1.1,0.0,2523.067440380398
nfet_03v3,100.0,10.0,1,typical,25,0.2,2.2,0.0,2132.3070343366608
nfet_03v3,100.0,10.0,1,typical,25,0.2,3.3,0.0,2036.6644612035307
nfet_03v3,100.0,10.0,1,typical,25,0.3,0.0,0.0,31.572617022334466
nfet_03v3,100.0,10.0,1,typical,25,0.3,1.1,0.0,2724.067404538704
nfet_03v3,100.0,10.0,1,typical,25,0.3,2.2,0.0,2224.8047057406484
nfet_03v3,100.0,10.0,1,typical,25,0.3,3.3,0.0,2087.1866072004373
nfet_03v3,100.0,10.0,1,typical,25,0.4,0.0,0.0,31.571853078594593
nfet_03v3,100.0,10.0,1,typical,25,0.4,1.1,0.0,2773.220818001672
nfet_03v3,100.0,10.0,1,typical,25,0.4,2.2,0.0,2326.0240681748483
nfet_03v3,100.0,10.0,1,typical,25,0.4,3.3,0.0,2141.086021147363
nfet_03v3,100.0,10.0,1,typical,25,0.5,0.0,0.0,31.571439275735496
nfet_03v3,100.0,10.0,1,typical,25,0.5,1.1,0.0,2777.9095227051403
nfet_03v3,100.0,10.0,1,typical,25,0.5,2.2,0.0,2436.579459730074
nfet_03v3,100.0,10.0,1,typical,25,0.5,3.3,0.0,2198.6873791337553
nfet_03v3,100.0,10.0,1,typical,25,0.6,0.0,0.0,31.571184627822202
nfet_03v3,100.0,10.0,1,typical,25,0.6,1.1,0.0,2777.2315226360033
nfet_03v3,100.0,10.0,1,typical,25,0.6,2.2,0.0,2556.400852230171
nfet_03v3,100.0,10.0,1,typical,25,0.6,3.3,0.0,2260.3567375349685
nfet_03v3,100.0,10.0,1,typical,25,0.7,0.0,0.0,31.570993641887238
nfet_03v3,100.0,10.0,1,typical,25,0.7,1.1,0.0,2776.3084239503237
nfet_03v3,100.0,10.0,1,typical,25,0.7,2.2,0.0,2683.3842172915733
nfet_03v3,100.0,10.0,1,typical,25,0.7,3.3,0.0,2326.5015330122687
nfet_03v3,100.0,10.0,1,typical,25,0.8,0.0,0.0,31.570898148919753
nfet_03v3,100.0,10.0,1,typical,25,0.8,1.1,0.0,2775.6208745844383
nfet_03v3,100.0,10.0,1,typical,25,0.8,2.2,0.0,2810.300737275737
nfet_03v3,100.0,10.0,1,typical,25,0.8,3.3,0.0,2397.5578501171667
nfet_03v3,100.0,10.0,1,typical,25,0.9,0.0,0.0,31.57080265595227
nfet_03v3,100.0,10.0,1,typical,25,0.9,1.1,0.0,2775.140226648102
nfet_03v3,100.0,10.0,1,typical,25,0.9,2.2,0.0,2920.786100654808
nfet_03v3,100.0,10.0,1,typical,25,0.9,3.3,0.0,2473.9808719946686
nfet_03v3,100.0,10.0,1,typical,25,1.0,0.0,0.0,31.570738993973947
nfet_03v3,100.0,10.0,1,typical,25,1.0,1.1,0.0,2774.802818162991
nfet_03v3,100.0,10.0,1,typical,25,1.0,2.2,0.0,2995.4997984143456
nfet_03v3,100.0,10.0,1,typical,25,1.0,3.3,0.0,2556.184401503874
nfet_03v3,100.0,10.0,1,typical,25,1.1,0.0,0.0,31.57070716298478
nfet_03v3,100.0,10.0,1,typical,25,1.1,1.1,0.0,2774.557719546449
nfet_03v3,100.0,10.0,1,typical,25,1.1,2.2,0.0,3033.1017459106565
nfet_03v3,100.0,10.0,1,typical,25,1.1,3.3,0.0,2644.4485513494014
nfet_03v3,100.0,10.0,1,typical,25,1.2,0.0,0.0,31.570675331995623
nfet_03v3,100.0,10.0,1,typical,25,1.2,1.1,0.0,2774.3762829082293
nfet_03v3,100.0,10.0,1,typical,25,1.2,2.2,0.0,3048.8326207541995
nfet_03v3,100.0,10.0,1,typical,25,1.2,3.3,0.0,2738.6459975746056
nfet_03v3,100.0,10.0,1,typical,25,1.3,0.0,0.0,31.570643501006458
nfet_03v3,100.0,10.0,1,typical,25,1.3,1.1,0.0,2774.2394096548355
nfet_03v3,100.0,10.0,1,typical,25,1.3,2.2,0.0,3055.1988185864707
nfet_03v3,100.0,10.0,1,typical,25,1.3,3.3,0.0,2837.672204855588
nfet_03v3,100.0,10.0,1,typical,25,1.4,0.0,0.0,31.5706116700173
nfet_03v3,100.0,10.0,1,typical,25,1.4,1.1,0.0,2774.1343673906026
nfet_03v3,100.0,10.0,1,typical,25,1.4,2.2,0.0,3057.9044526651865
nfet_03v3,100.0,10.0,1,typical,25,1.4,3.3,0.0,2938.3249756827154
nfet_03v3,100.0,10.0,1,typical,25,1.5,0.0,0.0,31.5706116700173
nfet_03v3,100.0,10.0,1,typical,25,1.5,1.1,0.0,2774.048423719867
nfet_03v3,100.0,10.0,1,typical,25,1.5,2.2,0.0,3059.136311945731
nfet_03v3,100.0,10.0,1,typical,25,1.5,3.3,0.0,3033.760647386297
nfet_03v3,100.0,10.0,1,typical,25,1.6,0.0,0.0,31.57057983902814
nfet_03v3,100.0,10.0,1,typical,25,1.6,1.1,0.0,2773.9815786426284
nfet_03v3,100.0,10.0,1,typical,25,1.6,2.2,0.0,3059.731551443048
nfet_03v3,100.0,10.0,1,typical,25,1.6,3.3,0.0,3113.7232752585423
nfet_03v3,100.0,10.0,1,typical,25,1.7,0.0,0.0,31.57057983902814
nfet_03v3,100.0,10.0,1,typical,25,1.7,1.1,0.0,2773.927465961054
nfet_03v3,100.0,10.0,1,typical,25,1.7,2.2,0.0,3060.033945840081
nfet_03v3,100.0,10.0,1,typical,25,1.7,3.3,0.0,3170.134154250299
nfet_03v3,100.0,10.0,1,typical,25,1.8,0.0,0.0,31.570548008038976
nfet_03v3,100.0,10.0,1,typical,25,1.8,1.1,0.0,2773.882902576228
nfet_03v3,100.0,10.0,1,typical,25,1.8,2.2,0.0,3060.193100785888
nfet_03v3,100.0,10.0,1,typical,25,1.8,3.3,0.0,3203.7253971122796
nfet_03v3,100.0,10.0,1,typical,25,1.9,0.0,0.0,31.570548008038976
nfet_03v3,100.0,10.0,1,typical,25,1.9,1.1,0.0,2773.8447053892346
nfet_03v3,100.0,10.0,1,typical,25,1.9,2.2,0.0,3060.275861357707
nfet_03v3,100.0,10.0,1,typical,25,1.9,3.3,0.0,3221.6780749992854
nfet_03v3,100.0,10.0,1,typical,25,2.0,0.0,0.0,31.570548008038976
nfet_03v3,100.0,10.0,1,typical,25,2.0,1.1,0.0,2773.812874400073
nfet_03v3,100.0,10.0,1,typical,25,2.0,2.2,0.0,3060.3204247425333
nfet_03v3,100.0,10.0,1,typical,25,2.0,3.3,0.0,3231.0045548235626
nfet_03v3,100.0,10.0,1,typical,25,2.1,0.0,0.0,31.570548008038976
nfet_03v3,100.0,10.0,1,typical,25,2.1,1.1,0.0,2773.784226509828
nfet_03v3,100.0,10.0,1,typical,25,2.1,2.2,0.0,3060.342706434946
nfet_03v3,100.0,10.0,1,typical,25,2.1,3.3,0.0,3235.938358143573
nfet_03v3,100.0,10.0,1,typical,25,2.2,0.0,0.0,31.570516177049818
nfet_03v3,100.0,10.0,1,typical,25,2.2,1.1,0.0,2773.761944817415
nfet_03v3,100.0,10.0,1,typical,25,2.2,2.2,0.0,3060.3490726327786
nfet_03v3,100.0,10.0,1,typical,25,2.2,3.3,0.0,3238.6439922222885
nfet_03v3,100.0,10.0,1,typical,25,2.3,0.0,0.0,31.570516177049818
nfet_03v3,100.0,10.0,1,typical,25,2.3,1.1,0.0,2773.742846223918
nfet_03v3,100.0,10.0,1,typical,25,2.3,2.2,0.0,3060.3522557316946
nfet_03v3,100.0,10.0,1,typical,25,2.3,3.3,0.0,3240.2037106911953
nfet_03v3,100.0,10.0,1,typical,25,2.4,0.0,0.0,31.570516177049818
nfet_03v3,100.0,10.0,1,typical,25,2.4,1.1,0.0,2773.7237476304213
nfet_03v3,100.0,10.0,1,typical,25,2.4,2.2,0.0,3060.3490726327786
nfet_03v3,100.0,10.0,1,typical,25,2.4,3.3,0.0,3241.158640366036
nfet_03v3,100.0,10.0,1,typical,25,2.5,0.0,0.0,31.570516177049818
nfet_03v3,100.0,10.0,1,typical,25,2.5,1.1,0.0,2773.711015234757
nfet_03v3,100.0,10.0,1,typical,25,2.5,2.2,0.0,3060.345889533862
nfet_03v3,100.0,10.0,1,typical,25,2.5,3.3,0.0,3241.763429160101
nfet_03v3,100.0,10.0,1,typical,25,2.6,0.0,0.0,31.570516177049818
nfet_03v3,100.0,10.0,1,typical,25,2.6,1.1,0.0,2773.6982828390924
nfet_03v3,100.0,10.0,1,typical,25,2.6,2.2,0.0,3060.3395233360297
nfet_03v3,100.0,10.0,1,typical,25,2.6,3.3,0.0,3242.1454010300376
nfet_03v3,100.0,10.0,1,typical,25,2.7,0.0,0.0,31.570516177049818
nfet_03v3,100.0,10.0,1,typical,25,2.7,1.1,0.0,2773.685550443428
nfet_03v3,100.0,10.0,1,typical,25,2.7,2.2,0.0,3060.3331571381977
nfet_03v3,100.0,10.0,1,typical,25,2.7,3.3,0.0,3242.400048943329
nfet_03v3,100.0,10.0,1,typical,25,2.8,0.0,0.0,31.570516177049818
nfet_03v3,100.0,10.0,1,typical,25,2.8,1.1,0.0,2773.6760011466795
nfet_03v3,100.0,10.0,1,typical,25,2.8,2.2,0.0,3060.3267909403658
nfet_03v3,100.0,10.0,1,typical,25,2.8,3.3,0.0,3242.591034878297
nfet_03v3,100.0,10.0,1,typical,25,2.9,0.0,0.0,31.570516177049818
nfet_03v3,100.0,10.0,1,typical,25,2.9,1.1,0.0,2773.666451849931
nfet_03v3,100.0,10.0,1,typical,25,2.9,2.2,0.0,3060.3204247425333
nfet_03v3,100.0,10.0,1,typical,25,2.9,3.3,0.0,3242.718358834942
nfet_03v3,100.0,10.0,1,typical,25,3.0,0.0,0.0,31.570484346060653
nfet_03v3,100.0,10.0,1,typical,25,3.0,1.1,0.0,2773.656902553182
nfet_03v3,100.0,10.0,1,typical,25,3.0,2.2,0.0,3060.314058544701
nfet_03v3,100.0,10.0,1,typical,25,3.0,3.3,0.0,3242.7820208132653
nfet_03v3,100.0,10.0,1,typical,25,3.1,0.0,0.0,31.570484346060653
nfet_03v3,100.0,10.0,1,typical,25,3.1,1.1,0.0,2773.65053635535
nfet_03v3,100.0,10.0,1,typical,25,3.1,2.2,0.0,3060.3076923468684
nfet_03v3,100.0,10.0,1,typical,25,3.1,3.3,0.0,3242.877513780749
nfet_03v3,100.0,10.0,1,typical,25,3.2,0.0,0.0,31.570484346060653
nfet_03v3,100.0,10.0,1,typical,25,3.2,1.1,0.0,2773.6409870586017
nfet_03v3,100.0,10.0,1,typical,25,3.2,2.2,0.0,3060.3013261490364
nfet_03v3,100.0,10.0,1,typical,25,3.2,3.3,0.0,3242.90934476991
nfet_03v3,100.0,10.0,1,typical,25,3.3,0.0,0.0,31.570484346060653
nfet_03v3,100.0,10.0,1,typical,25,3.3,1.1,0.0,2773.6378039596857
nfet_03v3,100.0,10.0,1,typical,25,3.3,2.2,0.0,3060.29814305012
nfet_03v3,100.0,10.0,1,typical,25,3.3,3.3,0.0,3242.9411757590715
nfet_03v3,0.22,0.28,1,typical,25,0.0,0.0,0.0,0.041233226739838896
nfet_03v3,0.22,0.28,1,typical,25,0.0,1.1,0.0,0.14906197576350286
nfet_03v3,0.22,0.28,1,typical,25,0.0,2.2,0.0,0.15099602666494694
nfet_03v3,0.22,0.28,1,typical,25,0.0,3.3,0.0,0.1492574180369536
nfet_03v3,0.22,0.28,1,typical,25,0.1,0.0,0.0,0.041272697166398975
nfet_03v3,0.22,0.28,1,typical,25,0.1,1.1,0.0,0.16791005937561732
nfet_03v3,0.22,0.28,1,typical,25,0.1,2.2,0.0,0.15571528911800975
nfet_03v3,0.22,0.28,1,typical,25,0.1,3.3,0.0,0.15184495914588034
nfet_03v3,0.22,0.28,1,typical,25,0.2,0.0,0.0,0.041273652096073817
nfet_03v3,0.22,0.28,1,typical,25,0.2,1.1,0.0,0.18882938545246125
nfet_03v3,0.22,0.28,1,typical,25,0.2,2.2,0.0,0.16085599386756894
nfet_03v3,0.22,0.28,1,typical,25,0.2,3.3,0.0,0.154576694635708
nfet_03v3,0.22,0.28,1,typical,25,0.3,0.0,0.0,0.04127460702574866
nfet_03v3,0.22,0.28,1,typical,25,0.3,1.1,0.0,0.2022709755555192
nfet_03v3,0.22,0.28,1,typical,25,0.3,2.2,0.0,0.1664582479599678
nfet_03v3,0.22,0.28,1,typical,25,0.3,3.3,0.0,0.15746217380318503
nfet_03v3,0.22,0.28,1,typical,25,0.4,0.0,0.0,0.0412755619554235
nfet_03v3,0.22,0.28,1,typical,25,0.4,1.1,0.0,0.2054964096872395
nfet_03v3,0.22,0.28,1,typical,25,0.4,2.2,0.0,0.17255642886350062
nfet_03v3,0.22,0.28,1,typical,25,0.4,3.3,0.0,0.16051285580440952
nfet_03v3,0.22,0.28,1,typical,25,0.5,0.0,0.0,0.04127651688509834
nfet_03v3,0.22,0.28,1,typical,25,0.5,1.1,0.0,0.2058459139482312
nfet_03v3,0.22,0.28,1,typical,25,0.5,2.2,0.0,0.17916390559361514
nfet_03v3,0.22,0.28,1,typical,25,0.5,3.3,0.0,0.16373924486580468
nfet_03v3,0.22,0.28,1,typical,25,0.6,0.0,0.0,0.041277471814773176
nfet_03v3,0.22,0.28,1,typical,25,0.6,1.1,0.0,0.2057685646445691
nfet_03v3,0.22,0.28,1,typical,25,0.6,2.2,0.0,0.1862361147654855
nfet_03v3,0.22,0.28,1,typical,25,0.6,3.3,0.0,0.16715343676325187
nfet_03v3,0.22,0.28,1,typical,25,0.7,0.0,0.0,0.041278426744448024
nfet_03v3,0.22,0.28,1,typical,25,0.7,1.1,0.0,0.2056320097010669
nfet_03v3,0.22,0.28,1,typical,25,0.7,2.2,0.0,0.19357570424631124
nfet_03v3,0.22,0.28,1,typical,25,0.7,3.3,0.0,0.1707662540330659
nfet_03v3,0.22,0.28,1,typical,25,0.8,0.0,0.0,0.04127938167412286
nfet_03v3,0.22,0.28,1,typical,25,0.8,1.1,0.0,0.20549131672897367
nfet_03v3,0.22,0.28,1,typical,25,0.8,2.2,0.0,0.20063963736099963
nfet_03v3,0.22,0.28,1,typical,25,0.8,3.3,0.0,0.17458820090167004
nfet_03v3,0.22,0.28,1,typical,25,0.9,0.0,0.0,0.04128065491368931
nfet_03v3,0.22,0.28,1,typical,25,0.9,1.1,0.0,0.20535412516568824
nfet_03v3,0.22,0.28,1,typical,25,0.9,2.2,0.0,0.20638863231343235
nfet_03v3,0.22,0.28,1,typical,25,0.9,3.3,0.0,0.17862659849657142
nfet_03v3,0.22,0.28,1,typical,25,1.0,0.0,0.0,0.04128192815325577
nfet_03v3,0.22,0.28,1,typical,25,1.0,1.1,0.0,0.2052210716309938
nfet_03v3,0.22,0.28,1,typical,25,1.0,2.2,0.0,0.20990627492565395
nfet_03v3,0.22,0.28,1,typical,25,1.0,3.3,0.0,0.18288176512766166
nfet_03v3,0.22,0.28,1,typical,25,1.1,0.0,0.0,0.041282883082930606
nfet_03v3,0.22,0.28,1,typical,25,1.1,1.1,0.0,0.20509088288532382
nfet_03v3,0.22,0.28,1,typical,25,1.1,2.2,0.0,0.2114679032539101
nfet_03v3,0.22,0.28,1,typical,25,1.1,3.3,0.0,0.18734160501905942
nfet_03v3,0.22,0.28,1,typical,25,1.2,0.0,0.0,0.041284156322497066
nfet_03v3,0.22,0.28,1,typical,25,1.2,1.1,0.0,0.20496292230889515
nfet_03v3,0.22,0.28,1,typical,25,1.2,2.2,0.0,0.21199852584322995
nfet_03v3,0.22,0.28,1,typical,25,1.2,3.3,0.0,0.1919641012650717
nfet_03v3,0.22,0.28,1,typical,25,1.3,0.0,0.0,0.04128542956206352
nfet_03v3,0.22,0.28,1,typical,25,1.3,1.1,0.0,0.20483623497203296
nfet_03v3,0.22,0.28,1,typical,25,1.3,2.2,0.0,0.2121102526151863
nfet_03v3,0.22,0.28,1,typical,25,1.3,3.3,0.0,0.19664962286962348
nfet_03v3,0.22,0.28,1,typical,25,1.4,0.0,0.0,0.04128670280162997
nfet_03v3,0.22,0.28,1,typical,25,1.4,1.1,0.0,0.2047105025648456
nfet_03v3,0.22,0.28,1,typical,25,1.4,2.2,0.0,0.2120609145819862
nfet_03v3,0.22,0.28,1,typical,25,1.4,3.3,0.0,0.20118872192403306
nfet_03v3,0.22,0.28,1,typical,25,1.5,0.0,0.0,0.041287976041196425
nfet_03v3,0.22,0.28,1,typical,25,1.5,1.1,0.0,0.20458540677744147
nfet_03v3,0.22,0.28,1,typical,25,1.5,2.2,0.0,0.21194695964078852
nfet_03v3,0.22,0.28,1,typical,25,1.5,3.3,0.0,0.20522011670131893
nfet_03v3,0.22,0.28,1,typical,25,1.6,0.0,0.0,0.041289249280762885
nfet_03v3,0.22,0.28,1,typical,25,1.6,1.1,0.0,0.20446062929992895
nfet_03v3,0.22,0.28,1,typical,25,1.6,2.2,0.0,0.21180531173902048
nfet_03v3,0.22,0.28,1,typical,25,1.6,3.3,0.0,0.20831599870715253
nfet_03v3,0.22,0.28,1,typical,25,1.7,0.0,0.0,0.04129084083022095
nfet_03v3,0.22,0.28,1,typical,25,1.7,1.1,0.0,0.20433585182241643
nfet_03v3,0.22,0.28,1,typical,25,1.7,2.2,0.0,0.21165124975147953
nfet_03v3,0.22,0.28,1,typical,25,1.7,3.3,0.0,0.21027678763949215
nfet_03v3,0.22,0.28,1,typical,25,1.8,0.0,0.0,0.0412921140697874
nfet_03v3,0.22,0.28,1,typical,25,1.8,1.1,0.0,0.20421139265479551
nfet_03v3,0.22,0.28,1,typical,25,1.8,2.2,0.0,0.2114908215661063
nfet_03v3,0.22,0.28,1,typical,25,1.8,3.3,0.0,0.21129665253222202
nfet_03v3,0.22,0.28,1,typical,25,1.9,0.0,0.0,0.04129370561924547
nfet_03v3,0.22,0.28,1,typical,25,1.9,1.1,0.0,0.204086615177283
nfet_03v3,0.22,0.28,1,typical,25,1.9,2.2,0.0,0.21132752859170853
nfet_03v3,0.22,0.28,1,typical,25,1.9,3.3,0.0,0.21173592018264872
nfet_03v3,0.22,0.28,1,typical,25,2.0,0.0,0.0,0.04129529716870354
nfet_03v3,0.22,0.28,1,typical,25,2.0,1.1,0.0,0.20396183769977047
nfet_03v3,0.22,0.28,1,typical,25,2.0,2.2,0.0,0.2111623257579611
nfet_03v3,0.22,0.28,1,typical,25,2.0,3.3,0.0,0.21187215681625937
nfet_03v3,0.22,0.28,1,typical,25,2.1,0.0,0.0,0.04129688871816161
nfet_03v3,0.22,0.28,1,typical,25,2.1,1.1,0.0,0.20383674191236634
nfet_03v3,0.22,0.28,1,typical,25,2.1,2.2,0.0,0.2109964863044304
nfet_03v3,0.22,0.28,1,typical,25,2.1,3.3,0.0,0.2118597427304864
nfet_03v3,0.22,0.28,1,typical,25,2.2,0.0,0.0,0.041298480267619675
nfet_03v3,0.22,0.28,1,typical,25,2.2,1.1,0.0,0.2037113278150706
nfet_03v3,0.22,0.28,1,typical,25,2.2,2.2,0.0,0.2108300102311165
nfet_03v3,0.22,0.28,1,typical,25,2.2,3.3,0.0,0.21177348074985913
nfet_03v3,0.22,0.28,1,typical,25,2.3,0.0,0.0,0.041300071817077746
nfet_03v3,0.22,0.28,1,typical,25,2.3,1.1,0.0,0.20358591371777485
nfet_03v3,0.22,0.28,1,typical,25,2.3,2.2,0.0,0.210663215847911
nfet_03v3,0.22,0.28,1,typical,25,2.3,3.3,0.0,0.21164933989212986
nfet_03v3,0.22,0.28,1,typical,25,2.4,0.0,0.0,0.04130166336653581
nfet_03v3,0.22,0.28,1,typical,25,2.4,1.1,0.0,0.2034601813105875
nfet_03v3,0.22,0.28,1,typical,25,2.4,2.2,0.0,0.2104964214647055
nfet_03v3,0.22,0.28,1,typical,25,2.4,3.3,0.0,0.2115051455112289
nfet_03v3,0.22,0.28,1,typical,25,2.5,0.0,0.0,0.04130357322588549
nfet_03v3,0.22,0.28,1,typical,25,2.5,1.1,0.0,0.2033341305935085
nfet_03v3,0.22,0.28,1,typical,25,2.5,2.2,0.0,0.21032962708149996
nfet_03v3,0.22,0.28,1,typical,25,2.5,3.3,0.0,0.21134949197422986
nfet_03v3,0.22,0.28,1,typical,25,2.6,0.0,0.0,0.04130516477534356
nfet_03v3,0.22,0.28,1,typical,25,2.6,1.1,0.0,0.20320776156653791
nfet_03v3,0.22,0.28,1,typical,25,2.6,2.2,0.0,0.21016251438840286
nfet_03v3,0.22,0.28,1,typical,25,2.6,3.3,0.0,0.21118747223939854
nfet_03v3,0.22,0.28,1,typical,25,2.7,0.0,0.0,0.04130707463469324
nfet_03v3,0.22,0.28,1,typical,25,2.7,1.1,0.0,0.20308107422967572
nfet_03v3,0.22,0.28,1,typical,25,2.7,2.2,0.0,0.20999572000519737
nfet_03v3,0.22,0.28,1,typical,25,2.7,3.3,0.0,0.2110213144759763
nfet_03v3,0.22,0.28,1,typical,25,2.8,0.0,0.0,0.04130898449404292
nfet_03v3,0.22,0.28,1,typical,25,2.8,1.1,0.0,0.20295438689281353
nfet_03v3,0.22,0.28,1,typical,25,2.8,2.2,0.0,0.2098286073121002
nfet_03v3,0.22,0.28,1,typical,25,2.8,3.3,0.0,0.2108529285433127
nfet_03v3,0.22,0.28,1,typical,25,2.9,0.0,0.0,0.04131089435339261
nfet_03v3,0.22,0.28,1,typical,25,2.9,1.1,0.0,0.2028270629361681
nfet_03v3,0.22,0.28,1,typical,25,2.9,2.2,0.0,0.2096614946190031
nfet_03v3,0.22,0.28,1,typical,25,2.9,3.3,0.0,0.21068263275129942
nfet_03v3,0.22,0.28,1,typical,25,3.0,0.0,0.0,0.0413131225226339
nfet_03v3,0.22,0.28,1,typical,25,3.0,1.1,0.0,0.20269942066963106
nfet_03v3,0.22,0.28,1,typical,25,3.0,2.2,0.0,0.20949470023579758
nfet_03v3,0.22,0.28,1,typical,25,3.0,3.3,0.0,0.21051170033950295
nfet_03v3,0.22,0.28,1,typical,25,3.1,0.0,0.0,0.04131503238198358
nfet_03v3,0.22,0.28,1,typical,25,3.1,1.1,0.0,0.2025714600932024
nfet_03v3,0.22,0.28,1,typical,25,3.1,2.2,0.0,0.20932758754270045
nfet_03v3,0.22,0.28,1,typical,25,3.1,3.3,0.0,0.21033949468814
nfet_03v3,0.22,0.28,1,typical,25,3.2,0.0,0.0,0.04131726055122487
nfet_03v3,0.22,0.28,1,typical,25,3.2,1.1,0.0,0.20244318120688212
nfet_03v3,0.22,0.28,1,typical,25,3.2,2.2,0.0,0.20916047484960332
nfet_03v3,0.22,0.28,1,typical,25,3.2,3.3,0.0,0.21016728903677706
nfet_03v3,0.22,0.28,1,typical,25,3.3,0.0,0.0,0.04131948872046617
nfet_03v3,0.22,0.28,1,typical,25,3.3,1.1,0.0,0.20231458401067023
nfet_03v3,0.22,0.28,1,typical,25,3.3,2.2,0.0,0.2089933621565062
nfet_03v3,0.22,0.28,1,typical,25,3.3,3.3,0.0,0.2099944467656309
nfet_03v3,0.22,10.0,1,typical,25,0.0,0.0,0.0,0.03667502909193254
nfet_03v3,0.22,10.0,1,typical,25,0.0,1.1,0.0,4.161169720096743
nfet_03v3,0.22,10.0,1,typical,25,0.0,2.2,0.0,4.2266142338124935
nfet_03v3,0.22,10.0,1,typical,25,0.0,3.3,0.0,4.168777326506308
nfet_03v3,0.22,10.0,1,typical,25,0.1,0.0,0.0,0.03795240668697781
nfet_03v3,0.22,10.0,1,typical,25,0.1,1.1,0.0,4.813450349991275
nfet_03v3,0.22,10.0,1,typical,25,0.1,2.2,0.0,4.400952561449246
nfet_03v3,0.22,10.0,1,typical,25,0.1,3.3,0.0,4.268599308516324
nfet_03v3,0.22,10.0,1,typical,25,0.2,0.0,0.0,0.03795081513751974
nfet_03v3,0.22,10.0,1,typical,25,0.2,1.1,0.0,5.518124788045401
nfet_03v3,0.22,10.0,1,typical,25,0.2,2.2,0.0,4.592065820374036
nfet_03v3,0.22,10.0,1,typical,25,0.2,3.3,0.0,4.375042136271902
nfet_03v3,0.22,10.0,1,typical,25,0.3,0.0,0.0,0.03794922358806167
nfet_03v3,0.22,10.0,1,typical,25,0.3,1.1,0.0,5.955960043959869
nfet_03v3,0.22,10.0,1,typical,25,0.3,2.2,0.0,4.8021503488389925
nfet_03v3,0.22,10.0,1,typical,25,0.3,3.3,0.0,4.488678767577948
nfet_03v3,0.22,10.0,1,typical,25,0.4,0.0,0.0,0.03794826865838683
nfet_03v3,0.22,10.0,1,typical,25,0.4,1.1,0.0,6.053108222880331
nfet_03v3,0.22,10.0,1,typical,25,0.4,2.2,0.0,5.03333882311793
nfet_03v3,0.22,10.0,1,typical,25,0.4,3.3,0.0,4.610336808152654
nfet_03v3,0.22,10.0,1,typical,25,0.5,0.0,0.0,0.0379476320386036
nfet_03v3,0.22,10.0,1,typical,25,0.5,1.1,0.0,6.062307378747963
nfet_03v3,0.22,10.0,1,typical,25,0.5,2.2,0.0,5.287445609593045
nfet_03v3,0.22,10.0,1,typical,25,0.5,3.3,0.0,4.740812032725057
nfet_03v3,0.22,10.0,1,typical,25,0.6,0.0,0.0,0.03794731372871198
nfet_03v3,0.22,10.0,1,typical,25,0.6,1.1,0.0,6.061097801159832
nfet_03v3,0.22,10.0,1,typical,25,0.6,2.2,0.0,5.564598032220982
nfet_03v3,0.22,10.0,1,typical,25,0.6,3.3,0.0,4.880995708991675
nfet_03v3,0.22,10.0,1,typical,25,0.7,0.0,0.0,0.03794731372871198
nfet_03v3,0.22,10.0,1,typical,25,0.7,1.1,0.0,6.059315265766795
nfet_03v3,0.22,10.0,1,typical,25,0.7,2.2,0.0,5.859925949660054
nfet_03v3,0.22,10.0,1,typical,25,0.7,3.3,0.0,5.031970090583992
nfet_03v3,0.22,10.0,1,typical,25,0.8,0.0,0.0,0.03794699541882038
nfet_03v3,0.22,10.0,1,typical,25,0.8,1.1,0.0,6.057946533232857
nfet_03v3,0.22,10.0,1,typical,25,0.8,2.2,0.0,6.155158374131642
nfet_03v3,0.22,10.0,1,typical,25,0.8,3.3,0.0,5.1948492621226565
nfet_03v3,0.22,10.0,1,typical,25,0.9,0.0,0.0,0.03794699541882038
nfet_03v3,0.22,10.0,1,typical,25,0.9,1.1,0.0,6.056991603558016
nfet_03v3,0.22,10.0,1,typical,25,0.9,2.2,0.0,6.4091060056609495
nfet_03v3,0.22,10.0,1,typical,25,0.9,3.3,0.0,5.37081097020664
nfet_03v3,0.22,10.0,1,typical,25,1.0,0.0,0.0,0.03794699541882038
nfet_03v3,0.22,10.0,1,typical,25,1.0,1.1,0.0,6.056323152785628
nfet_03v3,0.22,10.0,1,typical,25,1.0,2.2,0.0,6.576537008649689
nfet_03v3,0.22,10.0,1,typical,25,1.0,3.3,0.0,5.560969299456588
nfet_03v3,0.22,10.0,1,typical,25,1.1,0.0,0.0,0.03794667710892877
nfet_03v3,0.22,10.0,1,typical,25,1.1,1.1,0.0,6.0558138569590465
nfet_03v3,0.22,10.0,1,typical,25,1.1,2.2,0.0,6.658851946620959
nfet_03v3,0.22,10.0,1,typical,25,1.1,3.3,0.0,5.766151855590696
nfet_03v3,0.22,10.0,1,typical,25,1.2,0.0,0.0,0.03794667710892877
nfet_03v3,0.22,10.0,1,typical,25,1.2,1.1,0.0,6.05543188508911
nfet_03v3,0.22,10.0,1,typical,25,1.2,2.2,0.0,6.69313392194774
nfet_03v3,0.22,10.0,1,typical,25,1.2,3.3,0.0,5.986135821684836
nfet_03v3,0.22,10.0,1,typical,25,1.3,0.0,0.0,0.03794667710892877
nfet_03v3,0.22,10.0,1,typical,25,1.3,1.1,0.0,6.055145406186658
nfet_03v3,0.22,10.0,1,typical,25,1.3,2.2,0.0,6.707171388167899
nfet_03v3,0.22,10.0,1,typical,25,1.3,3.3,0.0,6.218151901681968
nfet_03v3,0.22,10.0,1,typical,25,1.4,0.0,0.0,0.03794667710892877
nfet_03v3,0.22,10.0,1,typical,25,1.4,1.1,0.0,6.05495442025169
nfet_03v3,0.22,10.0,1,typical,25,1.4,2.2,0.0,6.71328293808688
nfet_03v3,0.22,10.0,1,typical,25,1.4,3.3,0.0,6.454051362356786
nfet_03v3,0.22,10.0,1,typical,25,1.5,0.0,0.0,0.03794667710892877
nfet_03v3,0.22,10.0,1,typical,25,1.5,1.1,0.0,6.054763434316722
nfet_03v3,0.22,10.0,1,typical,25,1.5,2.2,0.0,6.716115896122241
nfet_03v3,0.22,10.0,1,typical,25,1.5,3.3,0.0,6.6764863146163504
nfet_03v3,0.22,10.0,1,typical,25,1.6,0.0,0.0,0.03794667710892877
nfet_03v3,0.22,10.0,1,typical,25,1.6,1.1,0.0,6.054636110360076
nfet_03v3,0.22,10.0,1,typical,25,1.6,2.2,0.0,6.71751645964534
nfet_03v3,0.22,10.0,1,typical,25,1.6,3.3,0.0,6.860405769990672
nfet_03v3,0.22,10.0,1,typical,25,1.7,0.0,0.0,0.03794667710892877
nfet_03v3,0.22,10.0,1,typical,25,1.7,1.1,0.0,6.054508786403431
nfet_03v3,0.22,10.0,1,typical,25,1.7,2.2,0.0,6.7182485723960506
nfet_03v3,0.22,10.0,1,typical,25,1.7,3.3,0.0,6.987825219603585
nfet_03v3,0.22,10.0,1,typical,25,1.8,0.0,0.0,0.03794667710892877
nfet_03v3,0.22,10.0,1,typical,25,1.8,1.1,0.0,6.054413293435946
nfet_03v3,0.22,10.0,1,typical,25,1.8,2.2,0.0,6.718662375255149
nfet_03v3,0.22,10.0,1,typical,25,1.8,3.3,0.0,7.062564382154451
nfet_03v3,0.22,10.0,1,typical,25,1.9,0.0,0.0,0.03794667710892877
nfet_03v3,0.22,10.0,1,typical,25,1.9,1.1,0.0,6.054349631457624
nfet_03v3,0.22,10.0,1,typical,25,1.9,2.2,0.0,6.718885192179279
nfet_03v3,0.22,10.0,1,typical,25,1.9,3.3,0.0,7.102353118606149
nfet_03v3,0.22,10.0,1,typical,25,2.0,0.0,0.0,0.03794667710892877
nfet_03v3,0.22,10.0,1,typical,25,2.0,1.1,0.0,6.05425413849014
nfet_03v3,0.22,10.0,1,typical,25,2.0,2.2,0.0,6.7190125161359235
nfet_03v3,0.22,10.0,1,typical,25,2.0,3.3,0.0,7.123011430571869
nfet_03v3,0.22,10.0,1,typical,25,2.1,0.0,0.0,0.03794667710892877
nfet_03v3,0.22,10.0,1,typical,25,2.1,1.1,0.0,6.054222307500978
nfet_03v3,0.22,10.0,1,typical,25,2.1,2.2,0.0,6.719076178114246
nfet_03v3,0.22,10.0,1,typical,25,2.1,3.3,0.0,7.134024952821698
nfet_03v3,0.22,10.0,1,typical,25,2.2,0.0,0.0,0.03794667710892877
nfet_03v3,0.22,10.0,1,typical,25,2.2,1.1,0.0,6.054158645522656
nfet_03v3,0.22,10.0,1,typical,25,2.2,2.2,0.0,6.719108009103407
nfet_03v3,0.22,10.0,1,typical,25,2.2,3.3,0.0,7.140136502740679
nfet_03v3,0.22,10.0,1,typical,25,2.3,0.0,0.0,0.03794667710892877
nfet_03v3,0.22,10.0,1,typical,25,2.3,1.1,0.0,6.054126814533494
nfet_03v3,0.22,10.0,1,typical,25,2.3,2.2,0.0,6.719108009103407
nfet_03v3,0.22,10.0,1,typical,25,2.3,3.3,0.0,7.1437015735267515
nfet_03v3,0.22,10.0,1,typical,25,2.4,0.0,0.0,0.03794667710892877
nfet_03v3,0.22,10.0,1,typical,25,2.4,1.1,0.0,6.054094983544333
nfet_03v3,0.22,10.0,1,typical,25,2.4,2.2,0.0,6.719139840092569
nfet_03v3,0.22,10.0,1,typical,25,2.4,3.3,0.0,7.145866080789724
nfet_03v3,0.22,10.0,1,typical,25,2.5,0.0,0.0,0.03794667710892877
nfet_03v3,0.22,10.0,1,typical,25,2.5,1.1,0.0,6.054063152555171
nfet_03v3,0.22,10.0,1,typical,25,2.5,2.2,0.0,6.719139840092569
nfet_03v3,0.22,10.0,1,typical,25,2.5,3.3,0.0,7.147234813323663
nfet_03v3,0.22,10.0,1,typical,25,2.6,0.0,0.0,0.03794667710892877
nfet_03v3,0.22,10.0,1,typical,25,2.6,1.1,0.0,6.05403132156601
nfet_03v3,0.22,10.0,1,typical,25,2.6,2.2,0.0,6.719108009103407
nfet_03v3,0.22,10.0,1,typical,25,2.6,3.3,0.0,7.148126081020179
nfet_03v3,0.22,10.0,1,typical,25,2.7,0.0,0.0,0.03794667710892877
nfet_03v3,0.22,10.0,1,typical,25,2.7,1.1,0.0,6.0539994905768495
nfet_03v3,0.22,10.0,1,typical,25,2.7,2.2,0.0,6.719108009103407
nfet_03v3,0.22,10.0,1,typical,25,2.7,3.3,0.0,7.148762700803408
nfet_03v3,0.22,10.0,1,typical,25,2.8,0.0,0.0,0.03794667710892877
nfet_03v3,0.22,10.0,1,typical,25,2.8,1.1,0.0,6.053967659587688
nfet_03v3,0.22,10.0,1,typical,25,2.8,2.2,0.0,6.719108009103407
nfet_03v3,0.22,10.0,1,typical,25,2.8,3.3,0.0,7.149176503662504
nfet_03v3,0.22,10.0,1,typical,25,2.9,0.0,0.0,0.03794667710892877
nfet_03v3,0.22,10.0,1,typical,25,2.9,1.1,0.0,6.053967659587688
nfet_03v3,0.22,10.0,1,typical,25,2.9,2.2,0.0,6.719108009103407
nfet_03v3,0.22,10.0,1,typical,25,2.9,3.3,0.0,7.149494813554118
nfet_03v3,0.22,10.0,1,typical,25,3.0,0.0,0.0,0.03794667710892877
nfet_03v3,0.22,10.0,1,typical,25,3.0,1.1,0.0,6.053935828598526
nfet_03v3,0.22,10.0,1,typical,25,3.0,2.2,0.0,6.719076178114246
nfet_03v3,0.22,10.0,1,typical,25,3.0,3.3,0.0,7.149717630478248
nfet_03v3,0.22,10.0,1,typical,25,3.1,0.0,0.0,0.03794667710892877
nfet_03v3,0.22,10.0,1,typical,25,3.1,1.1,0.0,6.053935828598526
nfet_03v3,0.22,10.0,1,typical,25,3.1,2.2,0.0,6.719076178114246
nfet_03v3,0.22,10.0,1,typical,25,3.1,3.3,0.0,7.149876785424055
nfet_03v3,0.22,10.0,1,typical,25,3.2,0.0,0.0,0.03794667710892877
nfet_03v3,0.22,10.0,1,typical,25,3.2,1.1,0.0,6.053903997609365
nfet_03v3,0.22,10.0,1,typical,25,3.2,2.2,0.0,6.719076178114246
nfet_03v3,0.22,10.0,1,typical,25,3.2,3.3,0.0,7.1500041093807
nfet_03v3,0.22,10.0,1,typical,25,3.3,0.0,0.0,0.03794667710892877
nfet_03v3,0.22,10.0,1,typical,25,3.3,1.1,0.0,6.053903997609365
nfet_03v3,0.22,10.0,1,typical,25,3.3,2.2,0.0,6.719044347125085
nfet_03v3,0.22,10.0,1,typical,25,3.3,3.3,0.0,7.150099602348185
pfet_03v3,200.0,0.28,20,typical,25,-0.0,-0.0,0.0,31.76968267623243
pfet_03v3,200.0,0.28,20,typical,25,-0.0,-1.1,0.0,125.77283254359588
pfet_03v3,200.0,0.28,20,typical,25,-0.0,-2.2,0.0,128.47655676296154
pfet_03v3,200.0,0.28,20,typical,25,-0.0,-3.3,0.0,126.67587770610358
pfet_03v3,200.0,0.28,20,typical,25,-0.1,-0.0,0.0,32.095186371396466
pfet_03v3,200.0,0.28,20,typical,25,-0.1,-1.1,0.0,142.7766286437013
pfet_03v3,200.0,0.28,20,typical,25,-0.1,-2.2,0.0,133.13024737835198
pfet_03v3,200.0,0.28,20,typical,25,-0.1,-3.3,0.0,129.31148360866396
pfet_03v3,200.0,0.28,20,typical,25,-0.2,-0.0,0.0,32.097732850529376
pfet_03v3,200.0,0.28,20,typical,25,-0.2,-1.1,0.0,162.01273201369264
pfet_03v3,200.0,0.28,20,typical,25,-0.2,-2.2,0.0,138.25376339376405
pfet_03v3,200.0,0.28,20,typical,25,-0.2,-3.3,0.0,132.1205684021537
pfet_03v3,200.0,0.28,20,typical,25,-0.3,-0.0,0.0,32.099324399987445
pfet_03v3,200.0,0.28,20,typical,25,-0.3,-1.1,0.0,175.30153336877606
pfet_03v3,200.0,0.28,20,typical,25,-0.3,-2.2,0.0,143.9028090402301
pfet_03v3,200.0,0.28,20,typical,25,-0.3,-3.3,0.0,135.11809265147875
pfet_03v3,200.0,0.28,20,typical,25,-0.4,-0.0,0.0,32.10155256922874
pfet_03v3,200.0,0.28,20,typical,25,-0.4,-1.1,0.0,178.8299985173125
pfet_03v3,200.0,0.28,20,typical,25,-0.4,-2.2,0.0,150.1305420696496
pfet_03v3,200.0,0.28,20,typical,25,-0.4,-3.3,0.0,138.3212450907861
pfet_03v3,200.0,0.28,20,typical,25,-0.5,-0.0,0.0,32.103462428578425
pfet_03v3,200.0,0.28,20,typical,25,-0.5,-1.1,0.0,179.26926616773923
pfet_03v3,200.0,0.28,20,typical,25,-0.5,-2.2,0.0,156.97006671075047
pfet_03v3,200.0,0.28,20,typical,25,-0.5,-3.3,0.0,141.74912431357265
pfet_03v3,200.0,0.28,20,typical,25,-0.6,-0.0,0.0,32.10569059781972
pfet_03v3,200.0,0.28,20,typical,25,-0.6,-1.1,0.0,179.2374351785779
pfet_03v3,200.0,0.28,20,typical,25,-0.6,-2.2,0.0,164.38668718534666
pfet_03v3,200.0,0.28,20,typical,25,-0.6,-3.3,0.0,145.42178384301005
pfet_03v3,200.0,0.28,20,typical,25,-0.7,-0.0,0.0,32.10791876706101
pfet_03v3,200.0,0.28,20,typical,25,-0.7,-1.1,0.0,179.14066897152736
pfet_03v3,200.0,0.28,20,typical,25,-0.7,-2.2,0.0,172.14931051212687
pfet_03v3,200.0,0.28,20,typical,25,-0.7,-3.3,0.0,149.36055044183638
pfet_03v3,200.0,0.28,20,typical,25,-0.8,-0.0,0.0,32.10982862641069
pfet_03v3,200.0,0.28,20,typical,25,-0.8,-1.1,0.0,179.0391281161026
pfet_03v3,200.0,0.28,20,typical,25,-0.8,-2.2,0.0,179.56752253618114
pfet_03v3,200.0,0.28,20,typical,25,-0.8,-3.3,0.0,153.58802411235624
pfet_03v3,200.0,0.28,20,typical,25,-0.9,-0.0,0.0,32.11205679565198
pfet_03v3,200.0,0.28,20,typical,25,-0.9,-1.1,0.0,178.94172528926887
pfet_03v3,200.0,0.28,20,typical,25,-0.9,-2.2,0.0,185.37476819877915
pfet_03v3,200.0,0.28,20,typical,25,-0.9,-3.3,0.0,158.1229851381748
pfet_03v3,200.0,0.28,20,typical,25,-1.0,-0.0,0.0,32.11428496489328
pfet_03v3,200.0,0.28,20,typical,25,-1.0,-1.1,0.0,178.8487788009177
pfet_03v3,200.0,0.28,20,typical,25,-1.0,-2.2,0.0,188.7084276936481
pfet_03v3,200.0,0.28,20,typical,25,-1.0,-3.3,0.0,162.97689267539016
pfet_03v3,200.0,0.28,20,typical,25,-1.1,-0.0,0.0,32.11683144402619
pfet_03v3,200.0,0.28,20,typical,25,-1.1,-1.1,0.0,178.7593337213743
pfet_03v3,200.0,0.28,20,typical,25,-1.1,-2.2,0.0,190.13095459926916
pfet_03v3,200.0,0.28,20,typical,25,-1.1,-3.3,0.0,168.14051573714553
pfet_03v3,200.0,0.28,20,typical,25,-1.2,-0.0,0.0,32.11905961326748
pfet_03v3,200.0,0.28,20,typical,25,-1.2,-1.1,0.0,178.6721168110722
pfet_03v3,200.0,0.28,20,typical,25,-1.2,-2.2,0.0,190.63292929834375
pfet_03v3,200.0,0.28,20,typical,25,-1.2,-3.3,0.0,173.55401206381757
pfet_03v3,200.0,0.28,20,typical,25,-1.3,-0.0,0.0,32.12128778250878
pfet_03v3,200.0,0.28,20,typical,25,-1.3,-1.1,0.0,178.58649145022812
pfet_03v3,200.0,0.28,20,typical,25,-1.3,-2.2,0.0,190.77234903087052
pfet_03v3,200.0,0.28,20,typical,25,-1.3,-3.3,0.0,179.04867741285105
pfet_03v3,200.0,0.28,20,typical,25,-1.4,-0.0,0.0,32.12383426164169
pfet_03v3,200.0,0.28,20,typical,25,-1.4,-1.1,0.0,178.50213932895053
pfet_03v3,200.0,0.28,20,typical,25,-1.4,-2.2,0.0,190.77139410119565
pfet_03v3,200.0,0.28,20,typical,25,-1.4,-3.3,0.0,184.26259343748134
pfet_03v3,200.0,0.28,20,typical,25,-1.5,-0.0,0.0,32.12606243088298
pfet_03v3,200.0,0.28,20,typical,25,-1.5,-1.1,0.0,178.41874213734778
pfet_03v3,200.0,0.28,20,typical,25,-1.5,-2.2,0.0,190.7128250811388
pfet_03v3,200.0,0.28,20,typical,25,-1.5,-3.3,0.0,188.6336248691189
pfet_03v3,200.0,0.28,20,typical,25,-1.6,-0.0,0.0,32.12860891001589
pfet_03v3,200.0,0.28,20,typical,25,-1.6,-1.1,0.0,178.33598156552824
pfet_03v3,200.0,0.28,20,typical,25,-1.6,-2.2,0.0,190.62879126975278
pfet_03v3,200.0,0.28,20,typical,25,-1.6,-3.3,0.0,191.68844489893436
pfet_03v3,200.0,0.28,20,typical,25,-1.7,-0.0,0.0,32.13083707925719
pfet_03v3,200.0,0.28,20,typical,25,-1.7,-1.1,0.0,178.25353930360032
pfet_03v3,200.0,0.28,20,typical,25,-1.7,-2.2,0.0,190.53234337259389
pfet_03v3,200.0,0.28,20,typical,25,-1.7,-3.3,0.0,193.44519719074967
pfet_03v3,200.0,0.28,20,typical,25,-1.8,-0.0,0.0,32.1333835583901
pfet_03v3,200.0,0.28,20,typical,25,-1.8,-1.1,0.0,178.17141535156404
pfet_03v3,200.0,0.28,20,typical,25,-1.8,-2.2,0.0,190.43016589738593
pfet_03v3,200.0,0.28,20,typical,25,-1.8,-3.3,0.0,194.31290995528826
pfet_03v3,200.0,0.28,20,typical,25,-1.9,-0.0,0.0,32.135930037523
pfet_03v3,200.0,0.28,20,typical,25,-1.9,-1.1,0.0,178.08960970941934
pfet_03v3,200.0,0.28,20,typical,25,-1.9,-2.2,0.0,190.3248053232618
pfet_03v3,200.0,0.28,20,typical,25,-1.9,-3.3,0.0,194.6958367548994
pfet_03v3,200.0,0.28,20,typical,25,-2.0,-0.0,0.0,32.13847651665591
pfet_03v3,200.0,0.28,20,typical,25,-2.0,-1.1,0.0,178.00780406727463
pfet_03v3,200.0,0.28,20,typical,25,-2.0,-2.2,0.0,190.21753488978806
pfet_03v3,200.0,0.28,20,typical,25,-2.0,-3.3,0.0,194.83780296655905
pfet_03v3,200.0,0.28,20,typical,25,-2.1,-0.0,0.0,32.14102299578882
pfet_03v3,200.0,0.28,20,typical,25,-2.1,-1.1,0.0,177.92631673502157
pfet_03v3,200.0,0.28,20,typical,25,-2.1,-2.2,0.0,190.10930952663944
pfet_03v3,200.0,0.28,20,typical,25,-2.1,-3.3,0.0,194.86135789853844
pfet_03v3,200.0,0.28,20,typical,25,-2.2,-0.0,0.0,32.143569474921726
pfet_03v3,200.0,0.28,20,typical,25,-2.2,-1.1,0.0,177.84451109287687
pfet_03v3,200.0,0.28,20,typical,25,-2.2,-2.2,0.0,190.0007658535992
pfet_03v3,200.0,0.28,20,typical,25,-2.2,-3.3,0.0,194.8250705708945
pfet_03v3,200.0,0.28,20,typical,25,-2.3,-0.0,0.0,32.146115954054636
pfet_03v3,200.0,0.28,20,typical,25,-2.3,-1.1,0.0,177.7630237606238
pfet_03v3,200.0,0.28,20,typical,25,-2.3,-2.2,0.0,189.89190387066736
pfet_03v3,200.0,0.28,20,typical,25,-2.3,-3.3,0.0,194.75695225408919
pfet_03v3,200.0,0.28,20,typical,25,-2.4,-0.0,0.0,32.14898074307916
pfet_03v3,200.0,0.28,20,typical,25,-2.4,-1.1,0.0,177.68153642837072
pfet_03v3,200.0,0.28,20,typical,25,-2.4,-2.2,0.0,189.7827235778439
pfet_03v3,200.0,0.28,20,typical,25,-2.4,-3.3,0.0,194.67132689324515
pfet_03v3,200.0,0.28,20,typical,25,-2.5,-0.0,0.0,32.15152722221207
pfet_03v3,200.0,0.28,20,typical,25,-2.5,-1.1,0.0,177.59973078622605
pfet_03v3,200.0,0.28,20,typical,25,-2.5,-2.2,0.0,189.67322497512885
pfet_03v3,200.0,0.28,20,typical,25,-2.5,-3.3,0.0,194.57551561586948
pfet_03v3,200.0,0.28,20,typical,25,-2.6,-0.0,0.0,32.15439201123659
pfet_03v3,200.0,0.28,20,typical,25,-2.6,-1.1,0.0,177.51824345397296
pfet_03v3,200.0,0.28,20,typical,25,-2.6,-2.2,0.0,189.5640446823054
pfet_03v3,200.0,0.28,20,typical,25,-2.6,-3.3,0.0,194.47365645055314
pfet_03v3,200.0,0.28,20,typical,25,-2.7,-0.0,0.0,32.1569384903695
pfet_03v3,200.0,0.28,20,typical,25,-2.7,-1.1,0.0,177.43643781182828
pfet_03v3,200.0,0.28,20,typical,25,-2.7,-2.2,0.0,189.4545460795903
pfet_03v3,200.0,0.28,20,typical,25,-2.7,-3.3,0.0,194.3676592566458
pfet_03v3,200.0,0.28,20,typical,25,-2.8,-0.0,0.0,32.15980327939402
pfet_03v3,200.0,0.28,20,typical,25,-2.8,-1.1,0.0,177.3546321696836
pfet_03v3,200.0,0.28,20,typical,25,-2.8,-2.2,0.0,189.34536578676685
pfet_03v3,200.0,0.28,20,typical,25,-2.8,-3.3,0.0,194.2594338934972
pfet_03v3,200.0,0.28,20,typical,25,-2.9,-0.0,0.0,32.16266806841854
pfet_03v3,200.0,0.28,20,typical,25,-2.9,-1.1,0.0,177.27250821764733
pfet_03v3,200.0,0.28,20,typical,25,-2.9,-2.2,0.0,189.2358671840518
pfet_03v3,200.0,0.28,20,typical,25,-2.9,-3.3,0.0,194.1492986709989
pfet_03v3,200.0,0.28,20,typical,25,-3.0,-0.0,0.0,32.16553285744307
pfet_03v3,200.0,0.28,20,typical,25,-3.0,-1.1,0.0,177.19070257550263
pfet_03v3,200.0,0.28,20,typical,25,-3.0,-2.2,0.0,189.12668689122836
pfet_03v3,200.0,0.28,20,typical,25,-3.0,-3.3,0.0,194.03820851882577
pfet_03v3,200.0,0.28,20,typical,25,-3.1,-0.0,0.0,32.16839764646759
pfet_03v3,200.0,0.28,20,typical,25,-3.1,-1.1,0.0,177.10857862346631
pfet_03v3,200.0,0.28,20,typical,25,-3.1,-2.2,0.0,189.01750659840488
pfet_03v3,200.0,0.28,20,typical,25,-3.1,-3.3,0.0,193.92616343697776
pfet_03v3,200.0,0.28,20,typical,25,-3.2,-0.0,0.0,32.17126243549211
pfet_03v3,200.0,0.28,20,typical,25,-3.2,-1.1,0.0,177.02645467143
pfet_03v3,200.0,0.28,20,typical,25,-3.2,-2.2,0.0,188.90800799568981
pfet_03v3,200.0,0.28,20,typical,25,-3.2,-3.3,0.0,193.8138000452382
pfet_03v3,200.0,0.28,20,typical,25,-3.3,-0.0,0.0,32.17412722451664
pfet_03v3,200.0,0.28,20,typical,25,-3.3,-1.1,0.0,176.9440124095021
pfet_03v3,200.0,0.28,20,typical,25,-3.3,-2.2,0.0,188.79882770286636
pfet_03v3,200.0,0.28,20,typical,25,-3.3,-3.3,0.0,193.701118343607
pfet_03v3,100.0,10.0,1,typical,25,-0.0,-0.0,0.0,18.21372382911775
pfet_03v3,100.0,10.0,1,typical,25,-0.0,-1.1,0.0,1868.0652609125702
pfet_03v3,100.0,10.0,1,typical,25,-0.0,-2.2,0.0,1979.120398997629
pfet_03v3,100.0,10.0,1,typical,25,-0.0,-3.3,0.0,1963.045749471144
pfet_03v3,100.0,10.0,1,typical,25,-0.1,-0.0,0.0,18.300081302712513
pfet_03v3,100.0,10.0,1,typical,25,-0.1,-1.1,0.0,2308.5838692133407
pfet_03v3,100.0,10.0,1,typical,25,-0.1,-2.2,0.0,2072.2133098989343
pfet_03v3,100.0,10.0,1,typical,25,-0.1,-3.3,0.0,2014.4305152743227
pfet_03v3,100.0,10.0,1,typical,25,-0.2,-0.0,0.0,18.299890316777546
pfet_03v3,100.0,10.0,1,typical,25,-0.2,-1.1,0.0,2596.9217014325786
pfet_03v3,100.0,10.0,1,typical,25,-0.2,-2.2,0.0,2176.170137401011
pfet_03v3,100.0,10.0,1,typical,25,-0.2,-3.3,0.0,2069.810070217252
pfet_03v3,100.0,10.0,1,typical,25,-0.3,-0.0,0.0,18.29973116183174
pfet_03v3,100.0,10.0,1,typical,25,-0.3,-1.1,0.0,2635.5486067798856
pfet_03v3,100.0,10.0,1,typical,25,-0.3,-2.2,0.0,2292.4487408074488
pfet_03v3,100.0,10.0,1,typical,25,-0.3,-3.3,0.0,2129.630048148191
pfet_03v3,100.0,10.0,1,typical,25,-0.4,-0.0,0.0,18.299667499853417
pfet_03v3,100.0,10.0,1,typical,25,-0.4,-1.1,0.0,2634.0175362012246
pfet_03v3,100.0,10.0,1,typical,25,-0.4,-2.2,0.0,2422.2650639042117
pfet_03v3,100.0,10.0,1,typical,25,-0.4,-3.3,0.0,2194.4092941904687
pfet_03v3,100.0,10.0,1,typical,25,-0.5,-0.0,0.0,18.29963566886426
pfet_03v3,100.0,10.0,1,typical,25,-0.5,-1.1,0.0,2631.6206627173747
pfet_03v3,100.0,10.0,1,typical,25,-0.5,-2.2,0.0,2565.6063742956358
pfet_03v3,100.0,10.0,1,typical,25,-0.5,-3.3,0.0,2264.7271323468226
pfet_03v3,100.0,10.0,1,typical,25,-0.6,-0.0,0.0,18.299603837875097
pfet_03v3,100.0,10.0,1,typical,25,-0.6,-1.1,0.0,2630.137338622455
pfet_03v3,100.0,10.0,1,typical,25,-0.6,-2.2,0.0,2718.2359673243436
pfet_03v3,100.0,10.0,1,typical,25,-0.6,-3.3,0.0,2341.2424640928934
pfet_03v3,100.0,10.0,1,typical,25,-0.7,-0.0,0.0,18.299603837875097
pfet_03v3,100.0,10.0,1,typical,25,-0.7,-1.1,0.0,2629.2301554313563
pfet_03v3,100.0,10.0,1,typical,25,-0.7,-2.2,0.0,2864.9418132701226
pfet_03v3,100.0,10.0,1,typical,25,-0.7,-3.3,0.0,2424.6746697837266
pfet_03v3,100.0,10.0,1,typical,25,-0.8,-0.0,0.0,18.299603837875097
pfet_03v3,100.0,10.0,1,typical,25,-0.8,-1.1,0.0,2628.6508314286198
pfet_03v3,100.0,10.0,1,typical,25,-0.8,-2.2,0.0,2976.4903316871832
pfet_03v3,100.0,10.0,1,typical,25,-0.8,-3.3,0.0,2515.768594565699
pfet_03v3,100.0,10.0,1,typical,25,-0.9,-0.0,0.0,18.299572006885935
pfet_03v3,100.0,10.0,1,typical,25,-0.9,-1.1,0.0,2628.2593102619353
pfet_03v3,100.0,10.0,1,typical,25,-0.9,-2.2,0.0,3036.1065912874888
pfet_03v3,100.0,10.0,1,typical,25,-0.9,-3.3,0.0,2615.164041320953
pfet_03v3,100.0,10.0,1,typical,25,-1.0,-0.0,0.0,18.299572006885935
pfet_03v3,100.0,10.0,1,typical,25,-1.0,-1.1,0.0,2627.9887468540637
pfet_03v3,100.0,10.0,1,typical,25,-1.0,-2.2,0.0,3060.116706411901
pfet_03v3,100.0,10.0,1,typical,25,-1.0,-3.3,0.0,2723.0965593692827
pfet_03v3,100.0,10.0,1,typical,25,-1.1,-0.0,0.0,18.299572006885935
pfet_03v3,100.0,10.0,1,typical,25,-1.1,-1.1,0.0,2627.7913947212633
pfet_03v3,100.0,10.0,1,typical,25,-1.1,-2.2,0.0,3069.0102847835838
pfet_03v3,100.0,10.0,1,typical,25,-1.1,-3.3,0.0,2838.630317629345
pfet_03v3,100.0,10.0,1,typical,25,-1.2,-0.0,0.0,18.299572006885935
pfet_03v3,100.0,10.0,1,typical,25,-1.2,-1.1,0.0,2627.6417890722046
pfet_03v3,100.0,10.0,1,typical,25,-1.2,-2.2,0.0,3072.4575809097587
pfet_03v3,100.0,10.0,1,typical,25,-1.2,-3.3,0.0,2958.0028931822667
pfet_03v3,100.0,10.0,1,typical,25,-1.3,-0.0,0.0,18.299572006885935
pfet_03v3,100.0,10.0,1,typical,25,-1.3,-1.1,0.0,2627.53038061014
pfet_03v3,100.0,10.0,1,typical,25,-1.3,-2.2,0.0,3073.9058909166006
pfet_03v3,100.0,10.0,1,typical,25,-1.3,-3.3,0.0,3072.107440028984
pfet_03v3,100.0,10.0,1,typical,25,-1.4,-0.0,0.0,18.299572006885935
pfet_03v3,100.0,10.0,1,typical,25,-1.4,-1.1,0.0,2627.441253840488
pfet_03v3,100.0,10.0,1,typical,25,-1.4,-2.2,0.0,3074.5552430954917
pfet_03v3,100.0,10.0,1,typical,25,-1.4,-3.3,0.0,3166.5499848707304
pfet_03v3,100.0,10.0,1,typical,25,-1.5,-0.0,0.0,18.299572006885935
pfet_03v3,100.0,10.0,1,typical,25,-1.5,-1.1,0.0,2627.3712256643335
pfet_03v3,100.0,10.0,1,typical,25,-1.5,-2.2,0.0,3074.8640036903575
pfet_03v3,100.0,10.0,1,typical,25,-1.5,-3.3,0.0,3230.5270899861425
pfet_03v3,100.0,10.0,1,typical,25,-1.6,-0.0,0.0,18.299572006885935
pfet_03v3,100.0,10.0,1,typical,25,-1.6,-1.1,0.0,2627.313929883843
pfet_03v3,100.0,10.0,1,typical,25,-1.6,-2.2,0.0,3075.013609339416
pfet_03v3,100.0,10.0,1,typical,25,-1.6,-3.3,0.0,3266.4324457601533
pfet_03v3,100.0,10.0,1,typical,25,-1.7,-0.0,0.0,18.299572006885935
pfet_03v3,100.0,10.0,1,typical,25,-1.7,-1.1,0.0,2627.2661834001005
pfet_03v3,100.0,10.0,1,typical,25,-1.7,-2.2,0.0,3075.083637515571
pfet_03v3,100.0,10.0,1,typical,25,-1.7,-3.3,0.0,3284.6079405712885
pfet_03v3,100.0,10.0,1,typical,25,-1.8,-0.0,0.0,18.299572006885935
pfet_03v3,100.0,10.0,1,typical,25,-1.8,-1.1,0.0,2627.2279862131068
pfet_03v3,100.0,10.0,1,typical,25,-1.8,-2.2,0.0,3075.1186516036482
pfet_03v3,100.0,10.0,1,typical,25,-1.8,-3.3,0.0,3293.6479414931136
pfet_03v3,100.0,10.0,1,typical,25,-1.9,-0.0,0.0,18.299572006885935
pfet_03v3,100.0,10.0,1,typical,25,-1.9,-1.1,0.0,2627.1961552239454
pfet_03v3,100.0,10.0,1,typical,25,-1.9,-2.2,0.0,3075.1282009003967
pfet_03v3,100.0,10.0,1,typical,25,-1.9,-3.3,0.0,3298.295265910672
pfet_03v3,100.0,10.0,1,typical,25,-2.0,-0.0,0.0,18.299572006885935
pfet_03v3,100.0,10.0,1,typical,25,-2.0,-1.1,0.0,2627.1675073337005
pfet_03v3,100.0,10.0,1,typical,25,-2.0,-2.2,0.0,3075.1282009003967
pfet_03v3,100.0,10.0,1,typical,25,-2.0,-3.3,0.0,3300.8417450435804
pfet_03v3,100.0,10.0,1,typical,25,-2.1,-0.0,0.0,18.299572006885935
pfet_03v3,100.0,10.0,1,typical,25,-2.1,-1.1,0.0,2627.142042542371
pfet_03v3,100.0,10.0,1,typical,25,-2.1,-2.2,0.0,3075.12501780148
pfet_03v3,100.0,10.0,1,typical,25,-2.1,-3.3,0.0,3302.274139555842
pfet_03v3,100.0,10.0,1,typical,25,-2.2,-0.0,0.0,18.299572006885935
pfet_03v3,100.0,10.0,1,typical,25,-2.2,-1.1,0.0,2627.1229439488748
pfet_03v3,100.0,10.0,1,typical,25,-2.2,-2.2,0.0,3075.1154685047322
pfet_03v3,100.0,10.0,1,typical,25,-2.2,-3.3,0.0,3303.133576263198
pfet_03v3,100.0,10.0,1,typical,25,-2.3,-0.0,0.0,18.299540175896773
pfet_03v3,100.0,10.0,1,typical,25,-2.3,-1.1,0.0,2627.107028454294
pfet_03v3,100.0,10.0,1,typical,25,-2.3,-2.2,0.0,3075.105919207984
pfet_03v3,100.0,10.0,1,typical,25,-2.3,-3.3,0.0,3303.6747030789415
pfet_03v3,100.0,10.0,1,typical,25,-2.4,-0.0,0.0,18.299540175896773
pfet_03v3,100.0,10.0,1,typical,25,-2.4,-1.1,0.0,2627.0911129597134
pfet_03v3,100.0,10.0,1,typical,25,-2.4,-2.2,0.0,3075.0995530101513
pfet_03v3,100.0,10.0,1,typical,25,-2.4,-3.3,0.0,3304.0248439597162
pfet_03v3,100.0,10.0,1,typical,25,-2.5,-0.0,0.0,18.299540175896773
pfet_03v3,100.0,10.0,1,typical,25,-2.5,-1.1,0.0,2627.0751974651325
pfet_03v3,100.0,10.0,1,typical,25,-2.5,-2.2,0.0,3075.090003713403
pfet_03v3,100.0,10.0,1,typical,25,-2.5,-3.3,0.0,3304.279491873007
pfet_03v3,100.0,10.0,1,typical,25,-2.6,-0.0,0.0,18.299540175896773
pfet_03v3,100.0,10.0,1,typical,25,-2.6,-1.1,0.0,2627.065648168384
pfet_03v3,100.0,10.0,1,typical,25,-2.6,-2.2,0.0,3075.0804544166544
pfet_03v3,100.0,10.0,1,typical,25,-2.6,-3.3,0.0,3304.438646818814
pfet_03v3,100.0,10.0,1,typical,25,-2.7,-0.0,0.0,18.299540175896773
pfet_03v3,100.0,10.0,1,typical,25,-2.7,-1.1,0.0,2627.0529157727196
pfet_03v3,100.0,10.0,1,typical,25,-2.7,-2.2,0.0,3075.070905119906
pfet_03v3,100.0,10.0,1,typical,25,-2.7,-3.3,0.0,3304.5341397862976
pfet_03v3,100.0,10.0,1,typical,25,-2.8,-0.0,0.0,18.299540175896773
pfet_03v3,100.0,10.0,1,typical,25,-2.8,-1.1,0.0,2627.043366475971
pfet_03v3,100.0,10.0,1,typical,25,-2.8,-2.2,0.0,3075.064538922074
pfet_03v3,100.0,10.0,1,typical,25,-2.8,-3.3,0.0,3304.629632753782
pfet_03v3,100.0,10.0,1,typical,25,-2.9,-0.0,0.0,18.299540175896773
pfet_03v3,100.0,10.0,1,typical,25,-2.9,-1.1,0.0,2627.037000278139
pfet_03v3,100.0,10.0,1,typical,25,-2.9,-2.2,0.0,3075.054989625325
pfet_03v3,100.0,10.0,1,typical,25,-2.9,-3.3,0.0,3304.6932947321047
pfet_03v3,100.0,10.0,1,typical,25,-3.0,-0.0,0.0,18.299540175896773
pfet_03v3,100.0,10.0,1,typical,25,-3.0,-1.1,0.0,2627.0274509813908
pfet_03v3,100.0,10.0,1,typical,25,-3.0,-2.2,0.0,3075.048623427493
pfet_03v3,100.0,10.0,1,typical,25,-3.0,-3.3,0.0,3304.725125721266
pfet_03v3,100.0,10.0,1,typical,25,-3.1,-0.0,0.0,18.299540175896773
pfet_03v3,100.0,10.0,1,typical,25,-3.1,-1.1,0.0,2627.0210847835583
pfet_03v3,100.0,10.0,1,typical,25,-3.1,-2.2,0.0,3075.042257229661
pfet_03v3,100.0,10.0,1,typical,25,-3.1,-3.3,0.0,3304.7569567104274
pfet_03v3,100.0,10.0,1,typical,25,-3.2,-0.0,0.0,18.299540175896773
pfet_03v3,100.0,10.0,1,typical,25,-3.2,-1.1,0.0,2627.0147185857263
pfet_03v3,100.0,10.0,1,typical,25,-3.2,-2.2,0.0,3075.0390741307447
pfet_03v3,100.0,10.0,1,typical,25,-3.2,-3.3,0.0,3304.7887876995887
pfet_03v3,100.0,10.0,1,typical,25,-3.3,-0.0,0.0,18.299540175896773
pfet_03v3,100.0,10.0,1,typical,25,-3.3,-1.1,0.0,2627.01153548681
pfet_03v3,100.0,10.0,1,typical,25,-3.3,-2.2,0.0,3075.032707932912
pfet_03v3,100.0,10.0,1,typical,25,-3.3,-3.3,0.0,3304.82061868875
pfet_03v3,0.22,0.28,1,typical,25,-0.0,-0.0,0.0,0.03472251621677489
pfet_03v3,0.22,0.28,1,typical,25,-0.0,-1.1,0.0,0.1331518924509817
pfet_03v3,0.22,0.28,1,typical,25,-0.0,-2.2,0.0,0.135044563066516
pfet_03v3,0.22,0.28,1,typical,25,-0.0,-3.3,0.0,0.1328093910076055
pfet_03v3,0.22,0.28,1,typical,25,-0.1,-0.0,0.0,0.035489643055563604
pfet_03v3,0.22,0.28,1,typical,25,-0.1,-1.1,0.0,0.1490715250602513
pfet_03v3,0.22,0.28,1,typical,25,-0.1,-2.2,0.0,0.13981825651104474
pfet_03v3,0.22,0.28,1,typical,25,-0.1,-3.3,0.0,0.13556086171071322
pfet_03v3,0.22,0.28,1,typical,25,-0.2,-0.0,0.0,0.035495372633612646
pfet_03v3,0.22,0.28,1,typical,25,-0.2,-1.1,0.0,0.16771684527140787
pfet_03v3,0.22,0.28,1,typical,25,-0.2,-2.2,0.0,0.14503917535329056
pfet_03v3,0.22,0.28,1,typical,25,-0.2,-3.3,0.0,0.1384804000365929
pfet_03v3,0.22,0.28,1,typical,25,-0.3,-0.0,0.0,0.035499510662203616
pfet_03v3,0.22,0.28,1,typical,25,-0.3,-1.1,0.0,0.18435012865767506
pfet_03v3,0.22,0.28,1,typical,25,-0.3,-2.2,0.0,0.1507560210066703
pfet_03v3,0.22,0.28,1,typical,25,-0.3,-3.3,0.0,0.14158137500069232
pfet_03v3,0.22,0.28,1,typical,25,-0.4,-0.0,0.0,0.0355036486907946
pfet_03v3,0.22,0.28,1,typical,25,-0.4,-1.1,0.0,0.19162223644147874
pfet_03v3,0.22,0.28,1,typical,25,-0.4,-2.2,0.0,0.1570181315043841
pfet_03v3,0.22,0.28,1,typical,25,-0.4,-3.3,0.0,0.1448790654778089
pfet_03v3,0.22,0.28,1,typical,25,-0.5,-0.0,0.0,0.03550810502927719
pfet_03v3,0.22,0.28,1,typical,25,-0.5,-1.1,0.0,0.19306036053178888
pfet_03v3,0.22,0.28,1,typical,25,-0.5,-2.2,0.0,0.16386179417407593
pfet_03v3,0.22,0.28,1,typical,25,-0.5,-3.3,0.0,0.14838970527241502
pfet_03v3,0.22,0.28,1,typical,25,-0.6,-0.0,0.0,0.03551256136775977
pfet_03v3,0.22,0.28,1,typical,25,-0.6,-1.1,0.0,0.1932109211105221
pfet_03v3,0.22,0.28,1,typical,25,-0.6,-2.2,0.0,0.17128382591682956
pfet_03v3,0.22,0.28,1,typical,25,-0.6,-3.3,0.0,0.15213111973844093
pfet_03v3,0.22,0.28,1,typical,25,-0.7,-0.0,0.0,0.03551701770624236
pfet_03v3,0.22,0.28,1,typical,25,-0.7,-1.1,0.0,0.1931412112442587
pfet_03v3,0.22,0.28,1,typical,25,-0.7,-2.2,0.0,0.17916549714307323
pfet_03v3,0.22,0.28,1,typical,25,-0.7,-3.3,0.0,0.1561214525397087
pfet_03v3,0.22,0.28,1,typical,25,-0.8,-0.0,0.0,0.03552179235461657
pfet_03v3,0.22,0.28,1,typical,25,-0.8,-1.1,0.0,0.19303394081078493
pfet_03v3,0.22,0.28,1,typical,25,-0.8,-2.2,0.0,0.18709586978273374
pfet_03v3,0.22,0.28,1,typical,25,-0.8,-3.3,0.0,0.16037980226971504
pfet_03v3,0.22,0.28,1,typical,25,-0.9,-0.0,0.0,0.03552624869309916
pfet_03v3,0.22,0.28,1,typical,25,-0.9,-1.1,0.0,0.19292253234872017
pfet_03v3,0.22,0.28,1,typical,25,-0.9,-2.2,0.0,0.19412319725988658
pfet_03v3,0.22,0.28,1,typical,25,-0.9,-3.3,0.0,0.16492367597249877
pfet_03v3,0.22,0.28,1,typical,25,-1.0,-0.0,0.0,0.035531023341473365
pfet_03v3,0.22,0.28,1,typical,25,-1.0,-1.1,0.0,0.19281335205589673
pfet_03v3,0.22,0.28,1,typical,25,-1.0,-2.2,0.0,0.19902071325225298
pfet_03v3,0.22,0.28,1,typical,25,-1.0,-3.3,0.0,0.16976580604372443
pfet_03v3,0.22,0.28,1,typical,25,-1.1,-0.0,0.0,0.035535797989847566
pfet_03v3,0.22,0.28,1,typical,25,-1.1,-1.1,0.0,0.19270703655209778
pfet_03v3,0.22,0.28,1,typical,25,-1.1,-2.2,0.0,0.2015324966069757
pfet_03v3,0.22,0.28,1,typical,25,-1.1,-3.3,0.0,0.17490651079328362
pfet_03v3,0.22,0.28,1,typical,25,-1.2,-0.0,0.0,0.035540890948113385
pfet_03v3,0.22,0.28,1,typical,25,-1.2,-1.1,0.0,0.1926032675274318
pfet_03v3,0.22,0.28,1,typical,25,-1.2,-2.2,0.0,0.20254153896339072
pfet_03v3,0.22,0.28,1,typical,25,-1.2,-3.3,0.0,0.18031650571114788
pfet_03v3,0.22,0.28,1,typical,25,-1.3,-0.0,0.0,0.03554566559648759
pfet_03v3,0.22,0.28,1,typical,25,-1.3,-1.1,0.0,0.19250109005222382
pfet_03v3,0.22,0.28,1,typical,25,-1.3,-2.2,0.0,0.20288213054741724
pfet_03v3,0.22,0.28,1,typical,25,-1.3,-3.3,0.0,0.18590220768918286
pfet_03v3,0.22,0.28,1,typical,25,-1.4,-0.0,0.0,0.035550758554753405
pfet_03v3,0.22,0.28,1,typical,25,-1.4,-1.1,0.0,0.19240050412647391
pfet_03v3,0.22,0.28,1,typical,25,-1.4,-2.2,0.0,0.20295725168183804
pfet_03v3,0.22,0.28,1,typical,25,-1.4,-3.3,0.0,0.19144111811315062
pfet_03v3,0.22,0.28,1,typical,25,-1.5,-0.0,0.0,0.035555851513019224
pfet_03v3,0.22,0.28,1,typical,25,-1.5,-1.1,0.0,0.1923008731303989
pfet_03v3,0.22,0.28,1,typical,25,-1.5,-2.2,0.0,0.2029257390025683
pfet_03v3,0.22,0.28,1,typical,25,-1.5,-3.3,0.0,0.19651211299644644
pfet_03v3,0.22,0.28,1,typical,25,-1.6,-0.0,0.0,0.03556094447128504
pfet_03v3,0.22,0.28,1,typical,25,-1.6,-1.1,0.0,0.19220187875410705
pfet_03v3,0.22,0.28,1,typical,25,-1.6,-2.2,0.0,0.2028480713890146
pfet_03v3,0.22,0.28,1,typical,25,-1.6,-3.3,0.0,0.20056069650787947
pfet_03v3,0.22,0.28,1,typical,25,-1.7,-0.0,0.0,0.035566037429550855
pfet_03v3,0.22,0.28,1,typical,25,-1.7,-1.1,0.0,0.19210352099759845
pfet_03v3,0.22,0.28,1,typical,25,-1.7,-2.2,0.0,0.20274907701272277
pfet_03v3,0.22,0.28,1,typical,25,-1.7,-3.3,0.0,0.2032497784722309
pfet_03v3,0.22,0.28,1,typical,25,-1.8,-0.0,0.0,0.035571130387816674
pfet_03v3,0.22,0.28,1,typical,25,-1.8,-1.1,0.0,0.19200548155098146
pfet_03v3,0.22,0.28,1,typical,25,-1.8,-2.2,0.0,0.20263989671989932
pfet_03v3,0.22,0.28,1,typical,25,-1.8,-3.3,0.0,0.20473946876498245
pfet_03v3,0.22,0.28,1,typical,25,-1.9,-0.0,0.0,0.035576541655974105
pfet_03v3,0.22,0.28,1,typical,25,-1.9,-1.1,0.0,0.1919077604142561
pfet_03v3,0.22,0.28,1,typical,25,-1.9,-2.2,0.0,0.20252562346881006
pfet_03v3,0.22,0.28,1,typical,25,-1.9,-3.3,0.0,0.20545853081013749
pfet_03v3,0.22,0.28,1,typical,25,-2.0,-0.0,0.0,0.035581952924131535
pfet_03v3,0.22,0.28,1,typical,25,-2.0,-1.1,0.0,0.19181035758742238
pfet_03v3,0.22,0.28,1,typical,25,-2.0,-2.2,0.0,0.20240816711880463
pfet_03v3,0.22,0.28,1,typical,25,-2.0,-3.3,0.0,0.20576506323576138
pfet_03v3,0.22,0.28,1,typical,25,-2.1,-0.0,0.0,0.035587045882397354
pfet_03v3,0.22,0.28,1,typical,25,-2.1,-1.1,0.0,0.1917129547605886
pfet_03v3,0.22,0.28,1,typical,25,-2.1,-2.2,0.0,0.20228911921934115
pfet_03v3,0.22,0.28,1,typical,25,-2.1,-3.3,0.0,0.20586628578129448
pfet_03v3,0.22,0.28,1,typical,25,-2.2,-0.0,0.0,0.035592775460446396
pfet_03v3,0.22,0.28,1,typical,25,-2.2,-1.1,0.0,0.19161587024364646
pfet_03v3,0.22,0.28,1,typical,25,-2.2,-2.2,0.0,0.20216943470009444
pfet_03v3,0.22,0.28,1,typical,25,-2.2,-3.3,0.0,0.2058646942318364
pfet_03v3,0.22,0.28,1,typical,25,-2.3,-0.0,0.0,0.03559818672860383
pfet_03v3,0.22,0.28,1,typical,25,-2.3,-1.1,0.0,0.19151878572670433
pfet_03v3,0.22,0.28,1,typical,25,-2.3,-2.2,0.0,0.20204879525117292
pfet_03v3,0.22,0.28,1,typical,25,-2.3,-3.3,0.0,0.2058102632403705
pfet_03v3,0.22,0.28,1,typical,25,-2.4,-0.0,0.0,0.03560359799676126
pfet_03v3,0.22,0.28,1,typical,25,-2.4,-1.1,0.0,0.1914217012097622
pfet_03v3,0.22,0.28,1,typical,25,-2.4,-2.2,0.0,0.20192815580225137
pfet_03v3,0.22,0.28,1,typical,25,-2.4,-3.3,0.0,0.20572718435865933
pfet_03v3,0.22,0.28,1,typical,25,-2.5,-0.0,0.0,0.03560932757481031
pfet_03v3,0.22,0.28,1,typical,25,-2.5,-1.1,0.0,0.19132461669282005
pfet_03v3,0.22,0.28,1,typical,25,-2.5,-2.2,0.0,0.2018075163533298
pfet_03v3,0.22,0.28,1,typical,25,-2.5,-3.3,0.0,0.20562787167247593
pfet_03v3,0.22,0.28,1,typical,25,-2.6,-0.0,0.0,0.03561505715285935
pfet_03v3,0.22,0.28,1,typical,25,-2.6,-1.1,0.0,0.19122753217587793
pfet_03v3,0.22,0.28,1,typical,25,-2.6,-2.2,0.0,0.20168655859451667
pfet_03v3,0.22,0.28,1,typical,25,-2.6,-3.3,0.0,0.2055193279994357
pfet_03v3,0.22,0.28,1,typical,25,-2.7,-0.0,0.0,0.03562078673090839
pfet_03v3,0.22,0.28,1,typical,25,-2.7,-1.1,0.0,0.1911307659688274
pfet_03v3,0.22,0.28,1,typical,25,-2.7,-2.2,0.0,0.2015652825258119
pfet_03v3,0.22,0.28,1,typical,25,-2.7,-3.3,0.0,0.20540505474834642
pfet_03v3,0.22,0.28,1,typical,25,-2.8,-0.0,0.0,0.03562651630895743
pfet_03v3,0.22,0.28,1,typical,25,-2.8,-1.1,0.0,0.19103368145188526
pfet_03v3,0.22,0.28,1,typical,25,-2.8,-2.2,0.0,0.20144432476699872
pfet_03v3,0.22,0.28,1,typical,25,-2.8,-3.3,0.0,0.20528696177855776
pfet_03v3,0.22,0.28,1,typical,25,-2.9,-0.0,0.0,0.035632564196898094
pfet_03v3,0.22,0.28,1,typical,25,-2.9,-1.1,0.0,0.1909362786250515
pfet_03v3,0.22,0.28,1,typical,25,-2.9,-2.2,0.0,0.2013233670081856
pfet_03v3,0.22,0.28,1,typical,25,-2.9,-3.3,0.0,0.20516664063952786
pfet_03v3,0.22,0.28,1,typical,25,-3.0,-0.0,0.0,0.035638612084838754
pfet_03v3,0.22,0.28,1,typical,25,-3.0,-1.1,0.0,0.19083919410810934
pfet_03v3,0.22,0.28,1,typical,25,-3.0,-2.2,0.0,0.2012024092493724
pfet_03v3,0.22,0.28,1,typical,25,-3.0,-3.3,0.0,0.20504472795103987
pfet_03v3,0.22,0.28,1,typical,25,-3.1,-0.0,0.0,0.035644341662887796
pfet_03v3,0.22,0.28,1,typical,25,-3.1,-1.1,0.0,0.19074210959116722
pfet_03v3,0.22,0.28,1,typical,25,-3.1,-2.2,0.0,0.20108145149055925
pfet_03v3,0.22,0.28,1,typical,25,-3.1,-3.3,0.0,0.2049215420229854
pfet_03v3,0.22,0.28,1,typical,25,-3.2,-0.0,0.0,0.03565038955082845
pfet_03v3,0.22,0.28,1,typical,25,-3.2,-1.1,0.0,0.19064470676433345
pfet_03v3,0.22,0.28,1,typical,25,-3.2,-2.2,0.0,0.20096017542185451
pfet_03v3,0.22,0.28,1,typical,25,-3.2,-3.3,0.0,0.20479803778503933
pfet_03v3,0.22,0.28,1,typical,25,-3.3,-0.0,0.0,0.03565675574866073
pfet_03v3,0.22,0.28,1,typical,25,-3.3,-1.1,0.0,0.19054730393749972
pfet_03v3,0.22,0.28,1,typical,25,-3.3,-2.2,0.0,0.20083921766304133
pfet_03v3,0.22,0.28,1,typical,25,-3.3,-3.3,0.0,0.20467357861741842
pfet_03v3,0.22,10.0,1,typical,25,-0.0,-0.0,0.0,0.04015001817867791
pfet_03v3,0.22,10.0,1,typical,25,-0.0,-1.1,0.0,3.966968855223303
pfet_03v3,0.22,10.0,1,typical,25,-0.0,-2.2,0.0,4.166103523416754
pfet_03v3,0.22,10.0,1,typical,25,-0.0,-3.3,0.0,4.1250097164094415
pfet_03v3,0.22,10.0,1,typical,25,-0.1,-0.0,0.0,0.040384930878688725
pfet_03v3,0.22,10.0,1,typical,25,-0.1,-1.1,0.0,4.921580220172405
pfet_03v3,0.22,10.0,1,typical,25,-0.1,-2.2,0.0,4.373641572748802
pfet_03v3,0.22,10.0,1,typical,25,-0.1,-3.3,0.0,4.240110573216909
pfet_03v3,0.22,10.0,1,typical,25,-0.2,-0.0,0.0,0.040384294258905495
pfet_03v3,0.22,10.0,1,typical,25,-0.2,-1.1,0.0,5.608683952209462
pfet_03v3,0.22,10.0,1,typical,25,-0.2,-2.2,0.0,4.607090047258196
pfet_03v3,0.22,10.0,1,typical,25,-0.2,-3.3,0.0,4.3648243887511065
pfet_03v3,0.22,10.0,1,typical,25,-0.3,-0.0,0.0,0.040383975949013884
pfet_03v3,0.22,10.0,1,typical,25,-0.3,-1.1,0.0,5.7255355134208035
pfet_03v3,0.22,10.0,1,typical,25,-0.3,-2.2,0.0,4.870395989600943
pfet_03v3,0.22,10.0,1,typical,25,-0.3,-3.3,0.0,4.500297078621842
pfet_03v3,0.22,10.0,1,typical,25,-0.4,-0.0,0.0,0.040383657639122265
pfet_03v3,0.22,10.0,1,typical,25,-0.4,-1.1,0.0,5.727286217824679
pfet_03v3,0.22,10.0,1,typical,25,-0.4,-2.2,0.0,5.167315456498082
pfet_03v3,0.22,10.0,1,typical,25,-0.4,-3.3,0.0,4.6479292063522175
pfet_03v3,0.22,10.0,1,typical,25,-0.5,-0.0,0.0,0.040383657639122265
pfet_03v3,0.22,10.0,1,typical,25,-0.5,-1.1,0.0,5.72308452725538
pfet_03v3,0.22,10.0,1,typical,25,-0.5,-2.2,0.0,5.498930701581102
pfet_03v3,0.22,10.0,1,typical,25,-0.5,-3.3,0.0,4.809248659421975
pfet_03v3,0.22,10.0,1,typical,25,-0.6,-0.0,0.0,0.040383657639122265
pfet_03v3,0.22,10.0,1,typical,25,-0.6,-1.1,0.0,5.720156076252534
pfet_03v3,0.22,10.0,1,typical,25,-0.6,-2.2,0.0,5.856360878873982
pfet_03v3,0.22,10.0,1,typical,25,-0.6,-3.3,0.0,4.986069804213315
pfet_03v3,0.22,10.0,1,typical,25,-0.7,-0.0,0.0,0.040383657639122265
pfet_03v3,0.22,10.0,1,typical,25,-0.7,-1.1,0.0,5.718309878881176
pfet_03v3,0.22,10.0,1,typical,25,-0.7,-2.2,0.0,6.2033186607327755
pfet_03v3,0.22,10.0,1,typical,25,-0.7,-3.3,0.0,5.18036616205424
pfet_03v3,0.22,10.0,1,typical,25,-0.8,-0.0,0.0,0.040383657639122265
pfet_03v3,0.22,10.0,1,typical,25,-0.8,-1.1,0.0,5.717100301293044
pfet_03v3,0.22,10.0,1,typical,25,-0.8,-2.2,0.0,6.467929673631138
pfet_03v3,0.22,10.0,1,typical,25,-0.8,-3.3,0.0,5.3941749162510755
pfet_03v3,0.22,10.0,1,typical,25,-0.9,-0.0,0.0,0.040383657639122265
pfet_03v3,0.22,10.0,1,typical,25,-0.9,-1.1,0.0,5.716272695574849
pfet_03v3,0.22,10.0,1,typical,25,-0.9,-2.2,0.0,6.609418420453371
pfet_03v3,0.22,10.0,1,typical,25,-0.9,-3.3,0.0,5.629469588131828
pfet_03v3,0.22,10.0,1,typical,25,-1.0,-0.0,0.0,0.040383657639122265
pfet_03v3,0.22,10.0,1,typical,25,-1.0,-1.1,0.0,5.7156997377699446
pfet_03v3,0.22,10.0,1,typical,25,-1.0,-2.2,0.0,6.666873355889621
pfet_03v3,0.22,10.0,1,typical,25,-1.0,-3.3,0.0,5.886982290447208
pfet_03v3,0.22,10.0,1,typical,25,-1.1,-0.0,0.0,0.040383339329230654
pfet_03v3,0.22,10.0,1,typical,25,-1.1,-1.1,0.0,5.715285934910847
pfet_03v3,0.22,10.0,1,typical,25,-1.1,-2.2,0.0,6.6885820904976665
pfet_03v3,0.22,10.0,1,typical,25,-1.1,-3.3,0.0,6.1643575299992746
pfet_03v3,0.22,10.0,1,typical,25,-1.2,-0.0,0.0,0.040383339329230654
pfet_03v3,0.22,10.0,1,typical,25,-1.2,-1.1,0.0,5.714967625019233
pfet_03v3,0.22,10.0,1,typical,25,-1.2,-2.2,0.0,6.697240119549555
pfet_03v3,0.22,10.0,1,typical,25,-1.2,-3.3,0.0,6.451409390256393
pfet_03v3,0.22,10.0,1,typical,25,-1.3,-0.0,0.0,0.040383339329230654
pfet_03v3,0.22,10.0,1,typical,25,-1.3,-1.1,0.0,5.714744808095104
pfet_03v3,0.22,10.0,1,typical,25,-1.3,-2.2,0.0,6.700996176270595
pfet_03v3,0.22,10.0,1,typical,25,-1.3,-3.3,0.0,6.723500685607675
pfet_03v3,0.22,10.0,1,typical,25,-1.4,-0.0,0.0,0.040383339329230654
pfet_03v3,0.22,10.0,1,typical,25,-1.4,-1.1,0.0,5.714553822160136
pfet_03v3,0.22,10.0,1,typical,25,-1.4,-2.2,0.0,6.7027468806744706
pfet_03v3,0.22,10.0,1,typical,25,-1.4,-3.3,0.0,6.943930285550073
pfet_03v3,0.22,10.0,1,typical,25,-1.5,-0.0,0.0,0.040383339329230654
pfet_03v3,0.22,10.0,1,typical,25,-1.5,-1.1,0.0,5.714394667214329
pfet_03v3,0.22,10.0,1,typical,25,-1.5,-2.2,0.0,6.703638148370988
pfet_03v3,0.22,10.0,1,typical,25,-1.5,-3.3,0.0,7.0890477651367005
pfet_03v3,0.22,10.0,1,typical,25,-1.6,-0.0,0.0,0.040383339329230654
pfet_03v3,0.22,10.0,1,typical,25,-1.6,-1.1,0.0,5.714267343257684
pfet_03v3,0.22,10.0,1,typical,25,-1.6,-2.2,0.0,6.704083782219247
pfet_03v3,0.22,10.0,1,typical,25,-1.6,-3.3,0.0,7.168879885953385
pfet_03v3,0.22,10.0,1,typical,25,-1.7,-0.0,0.0,0.040383339329230654
pfet_03v3,0.22,10.0,1,typical,25,-1.7,-1.1,0.0,5.7141718502901995
pfet_03v3,0.22,10.0,1,typical,25,-1.7,-2.2,0.0,6.7043384301325375
pfet_03v3,0.22,10.0,1,typical,25,-1.7,-3.3,0.0,7.209050594275018
pfet_03v3,0.22,10.0,1,typical,25,-1.8,-0.0,0.0,0.040383339329230654
pfet_03v3,0.22,10.0,1,typical,25,-1.8,-1.1,0.0,5.714108188311877
pfet_03v3,0.22,10.0,1,typical,25,-1.8,-2.2,0.0,6.704465754089184
pfet_03v3,0.22,10.0,1,typical,25,-1.8,-3.3,0.0,7.229199610414157
pfet_03v3,0.22,10.0,1,typical,25,-1.9,-0.0,0.0,0.040383339329230654
pfet_03v3,0.22,10.0,1,typical,25,-1.9,-1.1,0.0,5.714012695344392
pfet_03v3,0.22,10.0,1,typical,25,-1.9,-2.2,0.0,6.704529416067506
pfet_03v3,0.22,10.0,1,typical,25,-1.9,-3.3,0.0,7.239672005848243
pfet_03v3,0.22,10.0,1,typical,25,-2.0,-0.0,0.0,0.040383339329230654
pfet_03v3,0.22,10.0,1,typical,25,-2.0,-1.1,0.0,5.71394903336607
pfet_03v3,0.22,10.0,1,typical,25,-2.0,-2.2,0.0,6.704561247056668
pfet_03v3,0.22,10.0,1,typical,25,-2.0,-3.3,0.0,7.245433414886449
pfet_03v3,0.22,10.0,1,typical,25,-2.1,-0.0,0.0,0.040383339329230654
pfet_03v3,0.22,10.0,1,typical,25,-2.1,-1.1,0.0,5.7139172023769085
pfet_03v3,0.22,10.0,1,typical,25,-2.1,-2.2,0.0,6.704593078045829
pfet_03v3,0.22,10.0,1,typical,25,-2.1,-3.3,0.0,7.248775668748392
pfet_03v3,0.22,10.0,1,typical,25,-2.2,-0.0,0.0,0.040383339329230654
pfet_03v3,0.22,10.0,1,typical,25,-2.2,-1.1,0.0,5.7138853713877475
pfet_03v3,0.22,10.0,1,typical,25,-2.2,-2.2,0.0,6.704593078045829
pfet_03v3,0.22,10.0,1,typical,25,-2.2,-3.3,0.0,7.250812852054718
pfet_03v3,0.22,10.0,1,typical,25,-2.3,-0.0,0.0,0.040383339329230654
pfet_03v3,0.22,10.0,1,typical,25,-2.3,-1.1,0.0,5.713821709409424
pfet_03v3,0.22,10.0,1,typical,25,-2.3,-2.2,0.0,6.704593078045829
pfet_03v3,0.22,10.0,1,typical,25,-2.3,-3.3,0.0,7.252117922610334
pfet_03v3,0.22,10.0,1,typical,25,-2.4,-0.0,0.0,0.040383339329230654
pfet_03v3,0.22,10.0,1,typical,25,-2.4,-1.1,0.0,5.713789878420264
pfet_03v3,0.22,10.0,1,typical,25,-2.4,-2.2,0.0,6.704561247056668
pfet_03v3,0.22,10.0,1,typical,25,-2.4,-3.3,0.0,7.25294552832853
pfet_03v3,0.22,10.0,1,typical,25,-2.5,-0.0,0.0,0.040383339329230654
pfet_03v3,0.22,10.0,1,typical,25,-2.5,-1.1,0.0,5.713758047431102
pfet_03v3,0.22,10.0,1,typical,25,-2.5,-2.2,0.0,6.704561247056668
pfet_03v3,0.22,10.0,1,typical,25,-2.5,-3.3,0.0,7.253550317122595
pfet_03v3,0.22,10.0,1,typical,25,-2.6,-0.0,0.0,0.040383339329230654
pfet_03v3,0.22,10.0,1,typical,25,-2.6,-1.1,0.0,5.713758047431102
pfet_03v3,0.22,10.0,1,typical,25,-2.6,-2.2,0.0,6.704561247056668
pfet_03v3,0.22,10.0,1,typical,25,-2.6,-3.3,0.0,7.253932288992531
pfet_03v3,0.22,10.0,1,typical,25,-2.7,-0.0,0.0,0.040383339329230654
pfet_03v3,0.22,10.0,1,typical,25,-2.7,-1.1,0.0,5.71372621644194
pfet_03v3,0.22,10.0,1,typical,25,-2.7,-2.2,0.0,6.704529416067506
pfet_03v3,0.22,10.0,1,typical,25,-2.7,-3.3,0.0,7.254218767894983
pfet_03v3,0.22,10.0,1,typical,25,-2.8,-0.0,0.0,0.040383339329230654
pfet_03v3,0.22,10.0,1,typical,25,-2.8,-1.1,0.0,5.713694385452779
pfet_03v3,0.22,10.0,1,typical,25,-2.8,-2.2,0.0,6.704529416067506
pfet_03v3,0.22,10.0,1,typical,25,-2.8,-3.3,0.0,7.254441584819113
pfet_03v3,0.22,10.0,1,typical,25,-2.9,-0.0,0.0,0.040383339329230654
pfet_03v3,0.22,10.0,1,typical,25,-2.9,-1.1,0.0,5.713694385452779
pfet_03v3,0.22,10.0,1,typical,25,-2.9,-2.2,0.0,6.704497585078345
pfet_03v3,0.22,10.0,1,typical,25,-2.9,-3.3,0.0,7.2546007397649195
pfet_03v3,0.22,10.0,1,typical,25,-3.0,-0.0,0.0,0.040383339329230654
pfet_03v3,0.22,10.0,1,typical,25,-3.0,-1.1,0.0,5.7136625544636175
pfet_03v3,0.22,10.0,1,typical,25,-3.0,-2.2,0.0,6.704497585078345
pfet_03v3,0.22,10.0,1,typical,25,-3.0,-3.3,0.0,7.254696232732404
pfet_03v3,0.22,10.0,1,typical,25,-3.1,-0.0,0.0,0.040383339329230654
pfet_03v3,0.22,10.0,1,typical,25,-3.1,-1.1,0.0,5.7136625544636175
pfet_03v3,0.22,10.0,1,typical,25,-3.1,-2.2,0.0,6.704497585078345
pfet_03v3,0.22,10.0,1,typical,25,-3.1,-3.3,0.0,7.254791725699888
pfet_03v3,0.22,10.0,1,typical,25,-3.2,-0.0,0.0,0.040383339329230654
pfet_03v3,0.22,10.0,1,typical,25,-3.2,-1.1,0.0,5.7136307234744566
pfet_03v3,0.22,10.0,1,typical,25,-3.2,-2.2,0.0,6.704465754089184
pfet_03v3,0.22,10.0,1,typical,25,-3.2,-3.3,0.0,7.254855387678211
pfet_03v3,0.22,10.0,1,typical,25,-3.3,-0.0,0.0,0.040383339329230654
pfet_03v3,0.22,10.0,1,typical,25,-3.3,-1.1,0.0,5.7136307234744566
pfet_03v3,0.22,10.0,1,typical,25,-3.3,-2.2,0.0,6.704465754089184
pfet_03v3,0.22,10.0,1,typical,25,-3.3,-3.3,0.0,7.254919049656533
