device_name,W (um),L (um),nf,corner,temp,vds,vgs,vbs,cgd
nfet_03v3_dss,10.0,0.28,1,typical,25,0.0,0.0,0.0,2.983645938050656
nfet_03v3_dss,10.0,0.28,1,typical,25,0.0,1.1,0.0,7.369924413496517
nfet_03v3_dss,10.0,0.28,1,typical,25,0.0,2.2,0.0,7.384916809391517
nfet_03v3_dss,10.0,0.28,1,typical,25,0.0,3.3,0.0,7.3597703279540445
nfet_03v3_dss,10.0,0.28,1,typical,25,0.1,0.0,0.0,3.090422991192429
nfet_03v3_dss,10.0,0.28,1,typical,25,0.1,1.1,0.0,6.715224628425722
nfet_03v3_dss,10.0,0.28,1,typical,25,0.1,2.2,0.0,7.251895105686205
nfet_03v3_dss,10.0,0.28,1,typical,25,0.1,3.3,0.0,7.295917363696362
nfet_03v3_dss,10.0,0.28,1,typical,25,0.2,0.0,0.0,2.9967666717829675
nfet_03v3_dss,10.0,0.28,1,typical,25,0.2,1.1,0.0,5.669672127442622
nfet_03v3_dss,10.0,0.28,1,typical,25,0.2,2.2,0.0,7.083445511044302
nfet_03v3_dss,10.0,0.28,1,typical,25,0.2,3.3,0.0,7.2197776376223946
nfet_03v3_dss,10.0,0.28,1,typical,25,0.3,0.0,0.0,2.91859294550159
nfet_03v3_dss,10.0,0.28,1,typical,25,0.3,1.1,0.0,4.3668615720574335
nfet_03v3_dss,10.0,0.28,1,typical,25,0.3,2.2,0.0,6.872406052904504
nfet_03v3_dss,10.0,0.28,1,typical,25,0.3,3.3,0.0,7.130141572144013
nfet_03v3_dss,10.0,0.28,1,typical,25,0.4,0.0,0.0,2.85686310822097
nfet_03v3_dss,10.0,0.28,1,typical,25,0.4,1.1,0.0,3.560200644730319
nfet_03v3_dss,10.0,0.28,1,typical,25,0.4,2.2,0.0,6.609577575399177
nfet_03v3_dss,10.0,0.28,1,typical,25,0.4,3.3,0.0,7.025449448792309
nfet_03v3_dss,10.0,0.28,1,typical,25,0.5,0.0,0.0,2.8084895539924557
nfet_03v3_dss,10.0,0.28,1,typical,25,0.5,1.1,0.0,3.309722591019599
nfet_03v3_dss,10.0,0.28,1,typical,25,0.5,2.2,0.0,6.283437260451912
nfet_03v3_dss,10.0,0.28,1,typical,25,0.5,3.3,0.0,6.903950563163409
nfet_03v3_dss,10.0,0.28,1,typical,25,0.6,0.0,0.0,2.769986789502878
nfet_03v3_dss,10.0,0.28,1,typical,25,0.6,1.1,0.0,3.2375935695799636
nfet_03v3_dss,10.0,0.28,1,typical,25,0.6,2.2,0.0,5.881029895474034
nfet_03v3_dss,10.0,0.28,1,typical,25,0.6,3.3,0.0,6.763512238983501
nfet_03v3_dss,10.0,0.28,1,typical,25,0.7,0.0,0.0,2.7386810116626834
nfet_03v3_dss,10.0,0.28,1,typical,25,0.7,1.1,0.0,3.209996101977067
nfet_03v3_dss,10.0,0.28,1,typical,25,0.7,2.2,0.0,5.392328718879717
nfet_03v3_dss,10.0,0.28,1,typical,25,0.7,3.3,0.0,6.601619828108838
nfet_03v3_dss,10.0,0.28,1,typical,25,0.8,0.0,0.0,2.712700558309183
nfet_03v3_dss,10.0,0.28,1,typical,25,0.8,1.1,0.0,3.1928391988190956
nfet_03v3_dss,10.0,0.28,1,typical,25,0.8,2.2,0.0,4.825036830046009
nfet_03v3_dss,10.0,0.28,1,typical,25,0.8,3.3,0.0,6.415313048547415
nfet_03v3_dss,10.0,0.28,1,typical,25,0.9,0.0,0.0,2.6907467250845953
nfet_03v3_dss,10.0,0.28,1,typical,25,0.9,1.1,0.0,3.17314854892388
nfet_03v3_dss,10.0,0.28,1,typical,25,0.9,2.2,0.0,4.238168882878066
nfet_03v3_dss,10.0,0.28,1,typical,25,0.9,3.3,0.0,6.201217815448127
nfet_03v3_dss,10.0,0.28,1,typical,25,1.0,0.0,0.0,2.6718995964021555
nfet_03v3_dss,10.0,0.28,1,typical,25,1.0,1.1,0.0,3.1395445736662353
nfet_03v3_dss,10.0,0.28,1,typical,25,1.0,2.2,0.0,3.756247706975118
nfet_03v3_dss,10.0,0.28,1,typical,25,1.0,3.3,0.0,5.955546241100771
nfet_03v3_dss,10.0,0.28,1,typical,25,1.1,0.0,0.0,2.6555002707862245
nfet_03v3_dss,10.0,0.28,1,typical,25,1.1,1.1,0.0,3.0797054971417994
nfet_03v3_dss,10.0,0.28,1,typical,25,1.1,2.2,0.0,3.4643575363654726
nfet_03v3_dss,10.0,0.28,1,typical,25,1.1,3.3,0.0,5.67454226878431
nfet_03v3_dss,10.0,0.28,1,typical,25,1.2,0.0,0.0,2.6410744664982975
nfet_03v3_dss,10.0,0.28,1,typical,25,1.2,1.1,0.0,2.993806389790961
nfet_03v3_dss,10.0,0.28,1,typical,25,1.2,2.2,0.0,3.3229961134998853
nfet_03v3_dss,10.0,0.28,1,typical,25,1.2,3.3,0.0,5.355086461560928
nfet_03v3_dss,10.0,0.28,1,typical,25,1.3,0.0,0.0,2.6282529440641027
nfet_03v3_dss,10.0,0.28,1,typical,25,1.3,1.1,0.0,2.902422803007621
nfet_03v3_dss,10.0,0.28,1,typical,25,1.3,2.2,0.0,3.2586975153939433
nfet_03v3_dss,10.0,0.28,1,typical,25,1.3,3.3,0.0,4.9965421996474015
nfet_03v3_dss,10.0,0.28,1,typical,25,1.4,0.0,0.0,2.6167651400757688
nfet_03v3_dss,10.0,0.28,1,typical,25,1.4,1.1,0.0,2.8235678935581907
nfet_03v3_dss,10.0,0.28,1,typical,25,1.4,2.2,0.0,3.2281397657990407
nfet_03v3_dss,10.0,0.28,1,typical,25,1.4,3.3,0.0,4.605498497800128
nfet_03v3_dss,10.0,0.28,1,typical,25,1.5,0.0,0.0,2.6063914207080825
nfet_03v3_dss,10.0,0.28,1,typical,25,1.5,1.1,0.0,2.7609849857680464
nfet_03v3_dss,10.0,0.28,1,typical,25,1.5,2.2,0.0,3.2122561022075233
nfet_03v3_dss,10.0,0.28,1,typical,25,1.5,3.3,0.0,4.206401555695032
nfet_03v3_dss,10.0,0.28,1,typical,25,1.6,0.0,0.0,2.596963081718489
nfet_03v3_dss,10.0,0.28,1,typical,25,1.6,1.1,0.0,2.7119270652725627
nfet_03v3_dss,10.0,0.28,1,typical,25,1.6,2.2,0.0,3.2028341294157614
nfet_03v3_dss,10.0,0.28,1,typical,25,1.6,3.3,0.0,3.847252504987438
nfet_03v3_dss,10.0,0.28,1,typical,25,1.7,0.0,0.0,2.5883496160514254
nfet_03v3_dss,10.0,0.28,1,typical,25,1.7,1.1,0.0,2.6729086387585705
nfet_03v3_dss,10.0,0.28,1,typical,25,1.7,2.2,0.0,3.196181452681038
nfet_03v3_dss,10.0,0.28,1,typical,25,1.7,3.3,0.0,3.5768164210725475
nfet_03v3_dss,10.0,0.28,1,typical,25,1.8,0.0,0.0,2.580436432145912
nfet_03v3_dss,10.0,0.28,1,typical,25,1.8,1.1,0.0,2.641227255246272
nfet_03v3_dss,10.0,0.28,1,typical,25,1.8,2.2,0.0,3.189910747816251
nfet_03v3_dss,10.0,0.28,1,typical,25,1.8,3.3,0.0,3.406647953015932
nfet_03v3_dss,10.0,0.28,1,typical,25,1.9,0.0,0.0,2.5731312201333805
nfet_03v3_dss,10.0,0.28,1,typical,25,1.9,1.1,0.0,2.6149698722870682
nfet_03v3_dss,10.0,0.28,1,typical,25,1.9,2.2,0.0,3.1817524652941946
nfet_03v3_dss,10.0,0.28,1,typical,25,1.9,3.3,0.0,3.311632450369281
nfet_03v3_dss,10.0,0.28,1,typical,25,2.0,0.0,0.0,2.566363951837676
nfet_03v3_dss,10.0,0.28,1,typical,25,2.0,1.1,0.0,2.592802771435099
nfet_03v3_dss,10.0,0.28,1,typical,25,2.0,2.2,0.0,3.1678200413382687
nfet_03v3_dss,10.0,0.28,1,typical,25,2.0,3.3,0.0,3.260639205732786
nfet_03v3_dss,10.0,0.28,1,typical,25,2.1,0.0,0.0,2.560067782181559
nfet_03v3_dss,10.0,0.28,1,typical,25,2.1,1.1,0.0,2.5737933047079364
nfet_03v3_dss,10.0,0.28,1,typical,25,2.1,2.2,0.0,3.1405918132096438
nfet_03v3_dss,10.0,0.28,1,typical,25,2.1,3.3,0.0,3.232882583184083
nfet_03v3_dss,10.0,0.28,1,typical,25,2.2,0.0,0.0,2.554191781582373
nfet_03v3_dss,10.0,0.28,1,typical,25,2.2,1.1,0.0,2.557269838234276
nfet_03v3_dss,10.0,0.28,1,typical,25,2.2,2.2,0.0,3.088665920590722
nfet_03v3_dss,10.0,0.28,1,typical,25,2.2,3.3,0.0,3.2170944125600496
nfet_03v3_dss,10.0,0.28,1,typical,25,2.3,0.0,0.0,2.5486913866552903
nfet_03v3_dss,10.0,0.28,1,typical,25,2.3,1.1,0.0,2.542742174781033
nfet_03v3_dss,10.0,0.28,1,typical,25,2.3,2.2,0.0,3.008133518012488
nfet_03v3_dss,10.0,0.28,1,typical,25,2.3,3.3,0.0,3.2076406087791267
nfet_03v3_dss,10.0,0.28,1,typical,25,2.4,0.0,0.0,2.5435284002133183
nfet_03v3_dss,10.0,0.28,1,typical,25,2.4,1.1,0.0,2.529837891775019
nfet_03v3_dss,10.0,0.28,1,typical,25,2.4,2.2,0.0,2.9162947480841406
nfet_03v3_dss,10.0,0.28,1,typical,25,2.4,3.3,0.0,3.2016563828167914
nfet_03v3_dss,10.0,0.28,1,typical,25,2.5,0.0,0.0,2.538667808168379
nfet_03v3_dss,10.0,0.28,1,typical,25,2.5,1.1,0.0,2.5182800596105297
nfet_03v3_dss,10.0,0.28,1,typical,25,2.5,2.2,0.0,2.8340084580031157
nfet_03v3_dss,10.0,0.28,1,typical,25,2.5,3.3,0.0,3.1975501852149764
nfet_03v3_dss,10.0,0.28,1,typical,25,2.6,0.0,0.0,2.5340777795313114
nfet_03v3_dss,10.0,0.28,1,typical,25,2.6,1.1,0.0,2.5078426782645207
nfet_03v3_dss,10.0,0.28,1,typical,25,2.6,2.2,0.0,2.767943239998719
nfet_03v3_dss,10.0,0.28,1,typical,25,2.6,3.3,0.0,3.194462579266325
nfet_03v3_dss,10.0,0.28,1,typical,25,2.7,0.0,0.0,2.5297423988075347
nfet_03v3_dss,10.0,0.28,1,typical,25,2.7,1.1,0.0,2.4983570434944364
nfet_03v3_dss,10.0,0.28,1,typical,25,2.7,2.2,0.0,2.716151037534275
nfet_03v3_dss,10.0,0.28,1,typical,25,2.7,3.3,0.0,3.191788776176771
nfet_03v3_dss,10.0,0.28,1,typical,25,2.8,0.0,0.0,2.525629835007887
nfet_03v3_dss,10.0,0.28,1,typical,25,2.8,1.1,0.0,2.48967991584905
nfet_03v3_dss,10.0,0.28,1,typical,25,2.8,2.2,0.0,2.675111343208537
nfet_03v3_dss,10.0,0.28,1,typical,25,2.8,3.3,0.0,3.18895581814141
nfet_03v3_dss,10.0,0.28,1,typical,25,2.9,0.0,0.0,2.521727355736705
nfet_03v3_dss,10.0,0.28,1,typical,25,2.9,1.1,0.0,2.4816998868662985
nfet_03v3_dss,10.0,0.28,1,typical,25,2.9,2.2,0.0,2.6419243539089057
nfet_03v3_dss,10.0,0.28,1,typical,25,2.9,3.3,0.0,3.1852634233986925
nfet_03v3_dss,10.0,0.28,1,typical,25,3.0,0.0,0.0,2.5180126793015742
nfet_03v3_dss,10.0,0.28,1,typical,25,3.0,1.1,0.0,2.4743214635786956
nfet_03v3_dss,10.0,0.28,1,typical,25,3.0,2.2,0.0,2.6145019567463965
nfet_03v3_dss,10.0,0.28,1,typical,25,3.0,3.3,0.0,3.179295112930938
nfet_03v3_dss,10.0,0.28,1,typical,25,3.1,0.0,0.0,2.5144762564057475
nfet_03v3_dss,10.0,0.28,1,typical,25,3.1,1.1,0.0,2.4674714347111713
nfet_03v3_dss,10.0,0.28,1,typical,25,3.1,2.2,0.0,2.5914053910109156
nfet_03v3_dss,10.0,0.28,1,typical,25,3.1,3.3,0.0,3.168227477999534
nfet_03v3_dss,10.0,0.28,1,typical,25,3.2,0.0,0.0,2.5110989884557275
nfet_03v3_dss,10.0,0.28,1,typical,25,3.2,1.1,0.0,2.461079772087571
nfet_03v3_dss,10.0,0.28,1,typical,25,3.2,2.2,0.0,2.5716160650493
nfet_03v3_dss,10.0,0.28,1,typical,25,3.2,3.3,0.0,3.1458789405093452
nfet_03v3_dss,10.0,0.28,1,typical,25,3.3,0.0,0.0,2.5078745092536825
nfet_03v3_dss,10.0,0.28,1,typical,25,3.3,1.1,0.0,2.4550923630263197
nfet_03v3_dss,10.0,0.28,1,typical,25,3.3,2.2,0.0,2.5544082323086705
nfet_03v3_dss,10.0,0.28,1,typical,25,3.3,3.3,0.0,3.101516090915162
nfet_03v3_dss,10.0,10.0,1,typical,25,0.0,0.0,0.0,3.041422366477436
nfet_03v3_dss,10.0,10.0,1,typical,25,0.0,1.1,0.0,198.21825401549518
nfet_03v3_dss,10.0,10.0,1,typical,25,0.0,2.2,0.0,207.84235358843154
nfet_03v3_dss,10.0,10.0,1,typical,25,0.0,3.3,0.0,209.90882140478683
nfet_03v3_dss,10.0,10.0,1,typical,25,0.1,0.0,0.0,3.0898563995853565
nfet_03v3_dss,10.0,10.0,1,typical,25,0.1,1.1,0.0,160.5408670748715
nfet_03v3_dss,10.0,10.0,1,typical,25,0.1,2.2,0.0,199.4784428763933
nfet_03v3_dss,10.0,10.0,1,typical,25,0.1,3.3,0.0,205.2847336093165
nfet_03v3_dss,10.0,10.0,1,typical,25,0.2,0.0,0.0,2.9979794324700153
nfet_03v3_dss,10.0,10.0,1,typical,25,0.2,1.1,0.0,101.25819624097662
nfet_03v3_dss,10.0,10.0,1,typical,25,0.2,2.2,0.0,189.6092446869145
nfet_03v3_dss,10.0,10.0,1,typical,25,0.2,3.3,0.0,200.19527675230708
nfet_03v3_dss,10.0,10.0,1,typical,25,0.3,0.0,0.0,2.9200794526954255
nfet_03v3_dss,10.0,10.0,1,typical,25,0.3,1.1,0.0,39.657911086243324
nfet_03v3_dss,10.0,10.0,1,typical,25,0.3,2.2,0.0,177.8702941940976
nfet_03v3_dss,10.0,10.0,1,typical,25,0.3,3.3,0.0,194.57742547521914
nfet_03v3_dss,10.0,10.0,1,typical,25,0.4,0.0,0.0,2.858448291481206
nfet_03v3_dss,10.0,10.0,1,typical,25,0.4,1.1,0.0,13.282403326261973
nfet_03v3_dss,10.0,10.0,1,typical,25,0.4,2.2,0.0,163.7981321957532
nfet_03v3_dss,10.0,10.0,1,typical,25,0.4,3.3,0.0,188.3566952634151
nfet_03v3_dss,10.0,10.0,1,typical,25,0.5,0.0,0.0,2.8101256668353494
nfet_03v3_dss,10.0,10.0,1,typical,25,0.5,1.1,0.0,6.563231655180241
nfet_03v3_dss,10.0,10.0,1,typical,25,0.5,2.2,0.0,146.8233022957846
nfet_03v3_dss,10.0,10.0,1,typical,25,0.5,3.3,0.0,181.44650582637607
nfet_03v3_dss,10.0,10.0,1,typical,25,0.6,0.0,0.0,2.771657916433849
nfet_03v3_dss,10.0,10.0,1,typical,25,0.6,1.1,0.0,4.652799347693905
nfet_03v3_dss,10.0,10.0,1,typical,25,0.6,2.2,0.0,126.3247818956538
nfet_03v3_dss,10.0,10.0,1,typical,25,0.6,3.3,0.0,173.7449979987857
nfet_03v3_dss,10.0,10.0,1,typical,25,0.7,0.0,0.0,2.740383969582816
nfet_03v3_dss,10.0,10.0,1,typical,25,0.7,1.1,0.0,3.9646451930145234
nfet_03v3_dss,10.0,10.0,1,typical,25,0.7,2.2,0.0,101.89640757366183
nfet_03v3_dss,10.0,10.0,1,typical,25,0.7,3.3,0.0,165.13248726139727
nfet_03v3_dss,10.0,10.0,1,typical,25,0.8,0.0,0.0,2.7144353472184775
nfet_03v3_dss,10.0,10.0,1,typical,25,0.8,1.1,0.0,3.661423190263435
nfet_03v3_dss,10.0,10.0,1,typical,25,0.8,2.2,0.0,74.23273151330952
nfet_03v3_dss,10.0,10.0,1,typical,25,0.8,3.3,0.0,155.46923557179247
nfet_03v3_dss,10.0,10.0,1,typical,25,0.9,0.0,0.0,2.6925069787852185
nfet_03v3_dss,10.0,10.0,1,typical,25,0.9,1.1,0.0,3.499530779388772
nfet_03v3_dss,10.0,10.0,1,typical,25,0.9,2.2,0.0,46.8669935115075
nfet_03v3_dss,10.0,10.0,1,typical,25,0.9,3.3,0.0,144.59608798416446
nfet_03v3_dss,10.0,10.0,1,typical,25,1.0,0.0,0.0,2.673688497993024
nfet_03v3_dss,10.0,10.0,1,typical,25,1.0,1.1,0.0,3.387199218638343
nfet_03v3_dss,10.0,10.0,1,typical,25,1.0,2.2,0.0,25.91481785384903
nfet_03v3_dss,10.0,10.0,1,typical,25,1.0,3.3,0.0,132.3360641987761
nfet_03v3_dss,10.0,10.0,1,typical,25,1.1,0.0,0.0,2.657317820267338
nfet_03v3_dss,10.0,10.0,1,typical,25,1.1,1.1,0.0,3.279865123186246
nfet_03v3_dss,10.0,10.0,1,typical,25,1.1,2.2,0.0,14.067960307775106
nfet_03v3_dss,10.0,10.0,1,typical,25,1.1,3.3,0.0,118.5118656059987
nfet_03v3_dss,10.0,10.0,1,typical,25,1.2,0.0,0.0,2.6429174807707403
nfet_03v3_dss,10.0,10.0,1,typical,25,1.2,1.1,0.0,3.1641562944857964
nfet_03v3_dss,10.0,10.0,1,typical,25,1.2,2.2,0.0,8.536434673292774
nfet_03v3_dss,10.0,10.0,1,typical,25,1.2,3.3,0.0,102.99012036124607
nfet_03v3_dss,10.0,10.0,1,typical,25,1.3,0.0,0.0,2.6301246062267905
nfet_03v3_dss,10.0,10.0,1,typical,25,1.3,1.1,0.0,3.054008339591836
nfet_03v3_dss,10.0,10.0,1,typical,25,1.3,2.2,0.0,6.043813574045215
nfet_03v3_dss,10.0,10.0,1,typical,25,1.3,3.3,0.0,85.79597494595575
nfet_03v3_dss,10.0,10.0,1,typical,25,1.4,0.0,0.0,2.618665450128702
nfet_03v3_dss,10.0,10.0,1,typical,25,1.4,1.1,0.0,2.9629016824141994
nfet_03v3_dss,10.0,10.0,1,typical,25,1.4,2.2,0.0,4.860974016809181
nfet_03v3_dss,10.0,10.0,1,typical,25,1.4,3.3,0.0,67.3604209533725
nfet_03v3_dss,10.0,10.0,1,typical,25,1.5,0.0,0.0,2.608320378651261
nfet_03v3_dss,10.0,10.0,1,typical,25,1.5,1.1,0.0,2.891851731507134
nfet_03v3_dss,10.0,10.0,1,typical,25,1.5,2.2,0.0,4.254052546469583
nfet_03v3_dss,10.0,10.0,1,typical,25,1.5,3.3,0.0,48.91277118490793
nfet_03v3_dss,10.0,10.0,1,typical,25,1.6,0.0,0.0,2.598923870650828
nfet_03v3_dss,10.0,10.0,1,typical,25,1.6,1.1,0.0,2.8366695286970054
nfet_03v3_dss,10.0,10.0,1,typical,25,1.6,2.2,0.0,3.917917300925651
nfet_03v3_dss,10.0,10.0,1,typical,25,1.6,3.3,0.0,32.61180332548529
nfet_03v3_dss,10.0,10.0,1,typical,25,1.7,0.0,0.0,2.5903390528740102
nfet_03v3_dss,10.0,10.0,1,typical,25,1.7,1.1,0.0,2.7930960876340234
nfet_03v3_dss,10.0,10.0,1,typical,25,1.7,2.2,0.0,3.7183369988839416
nfet_03v3_dss,10.0,10.0,1,typical,25,1.7,3.3,0.0,20.518128289454207
nfet_03v3_dss,10.0,10.0,1,typical,25,1.8,0.0,0.0,2.582454516858742
nfet_03v3_dss,10.0,10.0,1,typical,25,1.8,1.1,0.0,2.7579451263031363
nfet_03v3_dss,10.0,10.0,1,typical,25,1.8,2.2,0.0,3.5914586760867717
nfet_03v3_dss,10.0,10.0,1,typical,25,1.8,3.3,0.0,12.983001042210246
nfet_03v3_dss,10.0,10.0,1,typical,25,1.9,0.0,0.0,2.575181135835372
nfet_03v3_dss,10.0,10.0,1,typical,25,1.9,1.1,0.0,2.7290012078587145
nfet_03v3_dss,10.0,10.0,1,typical,25,1.9,2.2,0.0,3.5037643009472323
nfet_03v3_dss,10.0,10.0,1,typical,25,1.9,3.3,0.0,8.788313290526593
nfet_03v3_dss,10.0,10.0,1,typical,25,2.0,0.0,0.0,2.5684425154299126
nfet_03v3_dss,10.0,10.0,1,typical,25,2.0,1.1,0.0,2.7047205293264316
nfet_03v3_dss,10.0,10.0,1,typical,25,2.0,2.2,0.0,3.4340226036946992
nfet_03v3_dss,10.0,10.0,1,typical,25,2.0,3.3,0.0,6.53318320141192
nfet_03v3_dss,10.0,10.0,1,typical,25,2.1,0.0,0.0,2.5621781767629574
nfet_03v3_dss,10.0,10.0,1,typical,25,2.1,1.1,0.0,2.684030386371549
nfet_03v3_dss,10.0,10.0,1,typical,25,2.1,2.2,0.0,3.3640580895180356
nfet_03v3_dss,10.0,10.0,1,typical,25,2.1,3.3,0.0,5.298427300853713
nfet_03v3_dss,10.0,10.0,1,typical,25,2.2,0.0,0.0,2.556334007152932
nfet_03v3_dss,10.0,10.0,1,typical,25,2.2,1.1,0.0,2.666157285957447
nfet_03v3_dss,10.0,10.0,1,typical,25,2.2,2.2,0.0,3.2770958271292083
nfet_03v3_dss,10.0,10.0,1,typical,25,2.2,3.3,0.0,4.593434552907974
nfet_03v3_dss,10.0,10.0,1,typical,25,2.3,0.0,0.0,2.5508654432150113
nfet_03v3_dss,10.0,10.0,1,typical,25,2.3,1.1,0.0,2.6505282702792208
nfet_03v3_dss,10.0,10.0,1,typical,25,2.3,2.2,0.0,3.171120914914302
nfet_03v3_dss,10.0,10.0,1,typical,25,2.3,3.3,0.0,4.1732336649888975
nfet_03v3_dss,10.0,10.0,1,typical,25,2.4,0.0,0.0,2.5457342877622007
nfet_03v3_dss,10.0,10.0,1,typical,25,2.4,1.1,0.0,2.6367263533788563
nfet_03v3_dss,10.0,10.0,1,typical,25,2.4,2.2,0.0,3.0652319463701305
nfet_03v3_dss,10.0,10.0,1,typical,25,2.4,3.3,0.0,3.9128561736489953
nfet_03v3_dss,10.0,10.0,1,typical,25,2.5,0.0,0.0,2.5409055267064224
nfet_03v3_dss,10.0,10.0,1,typical,25,2.5,1.1,0.0,2.6244300422658235
nfet_03v3_dss,10.0,10.0,1,typical,25,2.5,2.2,0.0,2.975630894979826
nfet_03v3_dss,10.0,10.0,1,typical,25,2.5,3.3,0.0,3.744406579007093
nfet_03v3_dss,10.0,10.0,1,typical,25,2.6,0.0,0.0,2.5363536952563486
nfet_03v3_dss,10.0,10.0,1,typical,25,2.6,1.1,0.0,2.613384689026833
nfet_03v3_dss,10.0,10.0,1,typical,25,2.6,2.2,0.0,2.9047560145131484
nfet_03v3_dss,10.0,10.0,1,typical,25,2.6,3.3,0.0,3.630865440668532
nfet_03v3_dss,10.0,10.0,1,typical,25,2.7,0.0,0.0,2.532050145521733
nfet_03v3_dss,10.0,10.0,1,typical,25,2.7,1.1,0.0,2.603396124627999
nfet_03v3_dss,10.0,10.0,1,typical,25,2.7,2.2,0.0,2.8491154454590957
nfet_03v3_dss,10.0,10.0,1,typical,25,2.7,3.3,0.0,3.551383460732623
nfet_03v3_dss,10.0,10.0,1,typical,25,2.8,0.0,0.0,2.527972595810163
nfet_03v3_dss,10.0,10.0,1,typical,25,2.8,1.1,0.0,2.594308377222432
nfet_03v3_dss,10.0,10.0,1,typical,25,2.8,2.2,0.0,2.804790793051906
nfet_03v3_dss,10.0,10.0,1,typical,25,2.8,3.3,0.0,3.493451060458953
nfet_03v3_dss,10.0,10.0,1,typical,25,2.9,0.0,0.0,2.5241051306270585
nfet_03v3_dss,10.0,10.0,1,typical,25,2.9,1.1,0.0,2.585994122853485
nfet_03v3_dss,10.0,10.0,1,typical,25,2.9,2.2,0.0,2.7687835781125787
nfet_03v3_dss,10.0,10.0,1,typical,25,2.9,3.3,0.0,3.448792182665569
nfet_03v3_dss,10.0,10.0,1,typical,25,3.0,0.0,0.0,2.5204286513789214
nfet_03v3_dss,10.0,10.0,1,typical,25,3.0,1.1,0.0,2.578351502355843
nfet_03v3_dss,10.0,10.0,1,typical,25,3.0,2.2,0.0,2.7389611243673033
nfet_03v3_dss,10.0,10.0,1,typical,25,3.0,3.3,0.0,3.4109133055635534
nfet_03v3_dss,10.0,10.0,1,typical,25,3.1,0.0,0.0,2.516927242571172
nfet_03v3_dss,10.0,10.0,1,typical,25,3.1,1.1,0.0,2.5712945720587705
nfet_03v3_dss,10.0,10.0,1,typical,25,3.1,2.2,0.0,2.713836924622244
nfet_03v3_dss,10.0,10.0,1,typical,25,3.1,3.3,0.0,3.372525132634957
nfet_03v3_dss,10.0,10.0,1,typical,25,3.2,0.0,0.0,2.5135881718081454
nfet_03v3_dss,10.0,10.0,1,typical,25,3.2,1.1,0.0,2.5647533037861114
nfet_03v3_dss,10.0,10.0,1,typical,25,3.2,2.2,0.0,2.69235737313616
nfet_03v3_dss,10.0,10.0,1,typical,25,3.2,3.3,0.0,3.3231552684456918
nfet_03v3_dss,10.0,10.0,1,typical,25,3.3,0.0,0.0,2.5103987066941778
nfet_03v3_dss,10.0,10.0,1,typical,25,3.3,1.1,0.0,2.5586640355595436
nfet_03v3_dss,10.0,10.0,1,typical,25,3.3,2.2,0.0,2.6737553430702627
nfet_03v3_dss,10.0,10.0,1,typical,25,3.3,3.3,0.0,3.2501349793095384
nfet_03v3_dss,0.22,0.28,1,typical,25,0.0,0.0,0.0,0.041233226739838896
nfet_03v3_dss,0.22,0.28,1,typical,25,0.0,1.1,0.0,0.1578059484861277
nfet_03v3_dss,0.22,0.28,1,typical,25,0.0,2.2,0.0,0.1610011431781447
nfet_03v3_dss,0.22,0.28,1,typical,25,0.0,3.3,0.0,0.160659914974335
nfet_03v3_dss,0.22,0.28,1,typical,25,0.1,0.0,0.0,0.03934278429354589
nfet_03v3_dss,0.22,0.28,1,typical,25,0.1,1.1,0.0,0.13432359116201126
nfet_03v3_dss,0.22,0.28,1,typical,25,0.1,2.2,0.0,0.15678035401534876
nfet_03v3_dss,0.22,0.28,1,typical,25,0.1,3.3,0.0,0.15865806406597724
nfet_03v3_dss,0.22,0.28,1,typical,25,0.2,0.0,0.0,0.037349209442370086
nfet_03v3_dss,0.22,0.28,1,typical,25,0.2,1.1,0.0,0.0970192634143587
nfet_03v3_dss,0.22,0.28,1,typical,25,0.2,2.2,0.0,0.1515533872851623
nfet_03v3_dss,0.22,0.28,1,typical,25,0.2,3.3,0.0,0.15632230608131684
nfet_03v3_dss,0.22,0.28,1,typical,25,0.3,0.0,0.0,0.03563924870462198
nfet_03v3_dss,0.22,0.28,1,typical,25,0.3,1.1,0.0,0.06071538365604757
nfet_03v3_dss,0.22,0.28,1,typical,25,0.3,2.2,0.0,0.14510538381074617
nfet_03v3_dss,0.22,0.28,1,typical,25,0.3,3.3,0.0,0.15361921848173438
nfet_03v3_dss,0.22,0.28,1,typical,25,0.4,0.0,0.0,0.03428452180591462
nfet_03v3_dss,0.22,0.28,1,typical,25,0.4,1.1,0.0,0.04649902727680221
nfet_03v3_dss,0.22,0.28,1,typical,25,0.4,2.2,0.0,0.1371603689160714
nfet_03v3_dss,0.22,0.28,1,typical,25,0.4,3.3,0.0,0.15050742098132008
nfet_03v3_dss,0.22,0.28,1,typical,25,0.5,0.0,0.0,0.0332216850778169
nfet_03v3_dss,0.22,0.28,1,typical,25,0.5,1.1,0.0,0.042895440993844965
nfet_03v3_dss,0.22,0.28,1,typical,25,0.5,2.2,0.0,0.12737584115776182
nfet_03v3_dss,0.22,0.28,1,typical,25,0.5,3.3,0.0,0.14693916709633195
nfet_03v3_dss,0.22,0.28,1,typical,25,0.6,0.0,0.0,0.03237561738590803
nfet_03v3_dss,0.22,0.28,1,typical,25,0.6,1.1,0.0,0.041807457784309776
nfet_03v3_dss,0.22,0.28,1,typical,25,0.6,2.2,0.0,0.11537651317360499
nfet_03v3_dss,0.22,0.28,1,typical,25,0.6,3.3,0.0,0.1428568427363879
nfet_03v3_dss,0.22,0.28,1,typical,25,0.7,0.0,0.0,0.03168768604815277
nfet_03v3_dss,0.22,0.28,1,typical,25,0.7,1.1,0.0,0.04134081548320428
nfet_03v3_dss,0.22,0.28,1,typical,25,0.7,2.2,0.0,0.10091251169868427
nfet_03v3_dss,0.22,0.28,1,typical,25,0.7,3.3,0.0,0.1381923295846826
nfet_03v3_dss,0.22,0.28,1,typical,25,0.8,0.0,0.0,0.031116829088532992
nfet_03v3_dss,0.22,0.28,1,typical,25,0.8,1.1,0.0,0.041010409815709394
nfet_03v3_dss,0.22,0.28,1,typical,25,0.8,2.2,0.0,0.08438140578762504
nfet_03v3_dss,0.22,0.28,1,typical,25,0.8,3.3,0.0,0.1328660501683127
nfet_03v3_dss,0.22,0.28,1,typical,25,0.9,0.0,0.0,0.030634430447792623
nfet_03v3_dss,0.22,0.28,1,typical,25,0.9,1.1,0.0,0.04059469709726207
nfet_03v3_dss,0.22,0.28,1,typical,25,0.9,2.2,0.0,0.06786494213158001
nfet_03v3_dss,0.22,0.28,1,typical,25,0.9,3.3,0.0,0.12678569461871025
nfet_03v3_dss,0.22,0.28,1,typical,25,1.0,0.0,0.0,0.030220404771770848
nfet_03v3_dss,0.22,0.28,1,typical,25,1.0,1.1,0.0,0.03986194772676763
nfet_03v3_dss,0.22,0.28,1,typical,25,1.0,2.2,0.0,0.05506442815023182
nfet_03v3_dss,0.22,0.28,1,typical,25,1.0,3.3,0.0,0.11984972208045053
nfet_03v3_dss,0.22,0.28,1,typical,25,1.1,0.0,0.0,0.029860268960399252
nfet_03v3_dss,0.22,0.28,1,typical,25,1.1,1.1,0.0,0.03854764618429518
nfet_03v3_dss,0.22,0.28,1,typical,25,1.1,2.2,0.0,0.04773820768485385
nfet_03v3_dss,0.22,0.28,1,typical,25,1.1,3.3,0.0,0.11195149873984296
nfet_03v3_dss,0.22,0.28,1,typical,25,1.2,0.0,0.0,0.02954348695626543
nfet_03v3_dss,0.22,0.28,1,typical,25,1.2,1.1,0.0,0.03665879528746025
nfet_03v3_dss,0.22,0.28,1,typical,25,1.2,2.2,0.0,0.04428486367073821
nfet_03v3_dss,0.22,0.28,1,typical,25,1.2,3.3,0.0,0.1029977597986448
nfet_03v3_dss,0.22,0.28,1,typical,25,1.3,0.0,0.0,0.029262037350100703
nfet_03v3_dss,0.22,0.28,1,typical,25,1.3,1.1,0.0,0.03464962325159538
nfet_03v3_dss,0.22,0.28,1,typical,25,1.3,2.2,0.0,0.04271400435562523
nfet_03v3_dss,0.22,0.28,1,typical,25,1.3,3.3,0.0,0.09295030806986239
nfet_03v3_dss,0.22,0.28,1,typical,25,1.4,0.0,0.0,0.029009872253964435
nfet_03v3_dss,0.22,0.28,1,typical,25,1.4,1.1,0.0,0.032915789271976255
nfet_03v3_dss,0.22,0.28,1,typical,25,1.4,2.2,0.0,0.041958018363043
nfet_03v3_dss,0.22,0.28,1,typical,25,1.4,3.3,0.0,0.08198198582464193
nfet_03v3_dss,0.22,0.28,1,typical,25,1.5,0.0,0.0,0.028782280681460732
nfet_03v3_dss,0.22,0.28,1,typical,25,1.5,1.1,0.0,0.03153989476547659
nfet_03v3_dss,0.22,0.28,1,typical,25,1.5,2.2,0.0,0.04155853944906796
nfet_03v3_dss,0.22,0.28,1,typical,25,1.5,3.3,0.0,0.07074882974959897
nfet_03v3_dss,0.22,0.28,1,typical,25,1.6,0.0,0.0,0.02857553840685772
nfet_03v3_dss,0.22,0.28,1,typical,25,1.6,1.1,0.0,0.03046107888081987
nfet_03v3_dss,0.22,0.28,1,typical,25,1.6,2.2,0.0,0.04132076196003263
nfet_03v3_dss,0.22,0.28,1,typical,25,1.6,3.3,0.0,0.0605119836353065
nfet_03v3_dss,0.22,0.28,1,typical,25,1.7,0.0,0.0,0.02838662148618506
nfet_03v3_dss,0.22,0.28,1,typical,25,1.7,1.1,0.0,0.02960304273698633
nfet_03v3_dss,0.22,0.28,1,typical,25,1.7,2.2,0.0,0.04115301264715227
nfet_03v3_dss,0.22,0.28,1,typical,25,1.7,3.3,0.0,0.05263381381787059
nfet_03v3_dss,0.22,0.28,1,typical,25,1.8,0.0,0.0,0.028213174426244825
nfet_03v3_dss,0.22,0.28,1,typical,25,1.8,1.1,0.0,0.028906230553255058
nfet_03v3_dss,0.22,0.28,1,typical,25,1.8,2.2,0.0,0.04100022389917776
nfet_03v3_dss,0.22,0.28,1,typical,25,1.8,3.3,0.0,0.047563455554358
nfet_03v3_dss,0.22,0.28,1,typical,25,1.9,0.0,0.0,0.028053128212741522
nfet_03v3_dss,0.22,0.28,1,typical,25,1.9,1.1,0.0,0.02832862542393307
nfet_03v3_dss,0.22,0.28,1,typical,25,1.9,2.2,0.0,0.04080764641475154
nfet_03v3_dss,0.22,0.28,1,typical,25,1.9,3.3,0.0,0.04468720737373776
nfet_03v3_dss,0.22,0.28,1,typical,25,2.0,0.0,0.0,0.02790489129621708
nfet_03v3_dss,0.22,0.28,1,typical,25,2.0,1.1,0.0,0.0278410383319594
nfet_03v3_dss,0.22,0.28,1,typical,25,2.0,2.2,0.0,0.040487426663788295
nfet_03v3_dss,0.22,0.28,1,typical,25,2.0,3.3,0.0,0.043132263553205465
nfet_03v3_dss,0.22,0.28,1,typical,25,2.1,0.0,0.0,0.02776703128215924
nfet_03v3_dss,0.22,0.28,1,typical,25,2.1,1.1,0.0,0.027422938289324975
nfet_03v3_dss,0.22,0.28,1,typical,25,2.1,2.2,0.0,0.03986958716416635
nfet_03v3_dss,0.22,0.28,1,typical,25,2.1,3.3,0.0,0.04228364938216368
nfet_03v3_dss,0.22,0.28,1,typical,25,2.2,0.0,0.0,0.02763846591693652
nfet_03v3_dss,0.22,0.28,1,typical,25,2.2,1.1,0.0,0.027059555717058918
nfet_03v3_dss,0.22,0.28,1,typical,25,2.2,2.2,0.0,0.03870202648172777
nfet_03v3_dss,0.22,0.28,1,typical,25,2.2,3.3,0.0,0.041802046516152346
nfet_03v3_dss,0.22,0.28,1,typical,25,2.3,0.0,0.0,0.02751811294691743
nfet_03v3_dss,0.22,0.28,1,typical,25,2.3,1.1,0.0,0.02674006807884638
nfet_03v3_dss,0.22,0.28,1,typical,25,2.3,2.2,0.0,0.03691121503150981
nfet_03v3_dss,0.22,0.28,1,typical,25,2.3,3.3,0.0,0.041513976064242064
nfet_03v3_dss,0.22,0.28,1,typical,25,2.4,0.0,0.0,0.027405176597372936
nfet_03v3_dss,0.22,0.28,1,typical,25,2.4,1.1,0.0,0.02645639030344036
nfet_03v3_dss,0.22,0.28,1,typical,25,2.4,2.2,0.0,0.03488962890987202
nfet_03v3_dss,0.22,0.28,1,typical,25,2.4,3.3,0.0,0.04133222111613072
nfet_03v3_dss,0.22,0.28,1,typical,25,2.5,0.0,0.0,0.027298956586541485
nfet_03v3_dss,0.22,0.28,1,typical,25,2.5,1.1,0.0,0.02620234717894357
nfet_03v3_dss,0.22,0.28,1,typical,25,2.5,2.2,0.0,0.0330879949233392
nfet_03v3_dss,0.22,0.28,1,typical,25,2.5,3.3,0.0,0.04120935349796787
nfet_03v3_dss,0.22,0.28,1,typical,25,2.6,0.0,0.0,0.027198752632661534
nfet_03v3_dss,0.22,0.28,1,typical,25,2.6,1.1,0.0,0.025973132225992637
nfet_03v3_dss,0.22,0.28,1,typical,25,2.6,2.2,0.0,0.03164420491695836
nfet_03v3_dss,0.22,0.28,1,typical,25,2.6,3.3,0.0,0.041118953488749624
nfet_03v3_dss,0.22,0.28,1,typical,25,2.7,0.0,0.0,0.027104023608917335
nfet_03v3_dss,0.22,0.28,1,typical,25,2.7,1.1,0.0,0.0257649257258882
nfet_03v3_dss,0.22,0.28,1,typical,25,2.7,2.2,0.0,0.030512326773369656
nfet_03v3_dss,0.22,0.28,1,typical,25,2.7,3.3,0.0,0.04104415066422043
nfet_03v3_dss,0.22,0.28,1,typical,25,2.8,0.0,0.0,0.02701432388146063
nfet_03v3_dss,0.22,0.28,1,typical,25,2.8,1.1,0.0,0.025574703734659927
nfet_03v3_dss,0.22,0.28,1,typical,25,2.8,2.2,0.0,0.02961507485088932
nfet_03v3_dss,0.22,0.28,1,typical,25,2.8,3.3,0.0,0.040969666149582855
nfet_03v3_dss,0.22,0.28,1,typical,25,2.9,0.0,0.0,0.026929175985454
nfet_03v3_dss,0.22,0.28,1,typical,25,2.9,1.1,0.0,0.02540004709713156
nfet_03v3_dss,0.22,0.28,1,typical,25,2.9,2.2,0.0,0.028889169143064566
nfet_03v3_dss,0.22,0.28,1,typical,25,2.9,3.3,0.0,0.040877356281014916
nfet_03v3_dss,0.22,0.28,1,typical,25,3.0,0.0,0.0,0.02684826161100583
nfet_03v3_dss,0.22,0.28,1,typical,25,3.0,1.1,0.0,0.02523888679900761
nfet_03v3_dss,0.22,0.28,1,typical,25,3.0,2.2,0.0,0.028289536969242923
nfet_03v3_dss,0.22,0.28,1,typical,25,3.0,3.3,0.0,0.040735071759463656
nfet_03v3_dss,0.22,0.28,1,typical,25,3.1,0.0,0.0,0.026771198786246182
nfet_03v3_dss,0.22,0.28,1,typical,25,3.1,1.1,0.0,0.025089599459840847
nfet_03v3_dss,0.22,0.28,1,typical,25,3.1,2.2,0.0,0.02778472931213296
nfet_03v3_dss,0.22,0.28,1,typical,25,3.1,3.3,0.0,0.040476922437365045
nfet_03v3_dss,0.22,0.28,1,typical,25,3.2,0.0,0.0,0.026697701032272612
nfet_03v3_dss,0.22,0.28,1,typical,25,3.2,1.1,0.0,0.024950784516108163
nfet_03v3_dss,0.22,0.28,1,typical,25,3.2,2.2,0.0,0.027352814620202504
nfet_03v3_dss,0.22,0.28,1,typical,25,3.2,3.3,0.0,0.03996062379316784
nfet_03v3_dss,0.22,0.28,1,typical,25,3.3,0.0,0.0,0.026627481870182657
nfet_03v3_dss,0.22,0.28,1,typical,25,3.3,1.1,0.0,0.0248212642212106
nfet_03v3_dss,0.22,0.28,1,typical,25,3.3,2.2,0.0,0.026978036553816684
nfet_03v3_dss,0.22,0.28,1,typical,25,3.3,3.3,0.0,0.038946170168595376
nfet_03v3_dss,0.22,10.0,1,typical,25,0.0,0.0,0.0,0.04299061565143742
nfet_03v3_dss,0.22,10.0,1,typical,25,0.0,1.1,0.0,4.3477629785606196
nfet_03v3_dss,0.22,10.0,1,typical,25,0.0,2.2,0.0,4.5726489169856075
nfet_03v3_dss,0.22,10.0,1,typical,25,0.0,3.3,0.0,4.620204414792675
nfet_03v3_dss,0.22,10.0,1,typical,25,0.1,0.0,0.0,0.03935997302769302
nfet_03v3_dss,0.22,10.0,1,typical,25,0.1,1.1,0.0,3.4687820438589014
nfet_03v3_dss,0.22,10.0,1,typical,25,0.1,2.2,0.0,4.384273123128696
nfet_03v3_dss,0.22,10.0,1,typical,25,0.1,3.3,0.0,4.516562714083296
nfet_03v3_dss,0.22,10.0,1,typical,25,0.2,0.0,0.0,0.03735271085117784
nfet_03v3_dss,0.22,10.0,1,typical,25,0.2,1.1,0.0,2.0867123254619324
nfet_03v3_dss,0.22,10.0,1,typical,25,0.2,2.2,0.0,4.161615353945002
nfet_03v3_dss,0.22,10.0,1,typical,25,0.2,3.3,0.0,4.40241678695067
nfet_03v3_dss,0.22,10.0,1,typical,25,0.3,0.0,0.0,0.03564084025408005
nfet_03v3_dss,0.22,10.0,1,typical,25,0.3,1.1,0.0,0.7479582171157393
nfet_03v3_dss,0.22,10.0,1,typical,25,0.3,2.2,0.0,3.8962403973067667
nfet_03v3_dss,0.22,10.0,1,typical,25,0.3,3.3,0.0,4.276334238882533
nfet_03v3_dss,0.22,10.0,1,typical,25,0.4,0.0,0.0,0.03428547673558946
nfet_03v3_dss,0.22,10.0,1,typical,25,0.4,1.1,0.0,0.2338820125817714
nfet_03v3_dss,0.22,10.0,1,typical,25,0.4,2.2,0.0,3.577484871844936
nfet_03v3_dss,0.22,10.0,1,typical,25,0.4,3.3,0.0,4.136659858442498
nfet_03v3_dss,0.22,10.0,1,typical,25,0.5,0.0,0.0,0.033222640007491734
nfet_03v3_dss,0.22,10.0,1,typical,25,0.5,1.1,0.0,0.10715775177214257
nfet_03v3_dss,0.22,10.0,1,typical,25,0.5,2.2,0.0,3.1922025790358686
nfet_03v3_dss,0.22,10.0,1,typical,25,0.5,3.3,0.0,3.981388293313397
nfet_03v3_dss,0.22,10.0,1,typical,25,0.6,0.0,0.0,0.032376254005691246
nfet_03v3_dss,0.22,10.0,1,typical,25,0.6,1.1,0.0,0.07064601565460779
nfet_03v3_dss,0.22,10.0,1,typical,25,0.6,2.2,0.0,2.72631148927458
nfet_03v3_dss,0.22,10.0,1,typical,25,0.6,3.3,0.0,3.8081958812864527
nfet_03v3_dss,0.22,10.0,1,typical,25,0.7,0.0,0.0,0.031688386329914324
nfet_03v3_dss,0.22,10.0,1,typical,25,0.7,1.1,0.0,0.05725503682431643
nfet_03v3_dss,0.22,10.0,1,typical,25,0.7,2.2,0.0,2.17178064399566
nfet_03v3_dss,0.22,10.0,1,typical,25,0.7,3.3,0.0,3.614376988282949
nfet_03v3_dss,0.22,10.0,1,typical,25,0.8,0.0,0.0,0.031117497539305383
nfet_03v3_dss,0.22,10.0,1,typical,25,0.8,1.1,0.0,0.051258396776208345
nfet_03v3_dss,0.22,10.0,1,typical,25,0.8,2.2,0.0,1.548950045273216
nfet_03v3_dss,0.22,10.0,1,typical,25,0.8,3.3,0.0,3.39674851538675
nfet_03v3_dss,0.22,10.0,1,typical,25,0.9,0.0,0.0,0.03063509889856501
nfet_03v3_dss,0.22,10.0,1,typical,25,0.9,1.1,0.0,0.04799890348608537
nfet_03v3_dss,0.22,10.0,1,typical,25,0.9,2.2,0.0,0.946717279637086
nfet_03v3_dss,0.22,10.0,1,typical,25,0.9,3.3,0.0,3.151633983349719
nfet_03v3_dss,0.22,10.0,1,typical,25,1.0,0.0,0.0,0.030221073222543235
nfet_03v3_dss,0.22,10.0,1,typical,25,1.0,1.1,0.0,0.04567906099600565
nfet_03v3_dss,0.22,10.0,1,typical,25,1.0,2.2,0.0,0.5030028400245149
nfet_03v3_dss,0.22,10.0,1,typical,25,1.0,3.3,0.0,2.8750672509223505
nfet_03v3_dss,0.22,10.0,1,typical,25,1.1,0.0,0.0,0.029860969242160803
nfet_03v3_dss,0.22,10.0,1,typical,25,1.1,1.1,0.0,0.04340123541161894
nfet_03v3_dss,0.22,10.0,1,typical,25,1.1,2.2,0.0,0.2610714069036195
nfet_03v3_dss,0.22,10.0,1,typical,25,1.1,3.3,0.0,2.563075810657308
nfet_03v3_dss,0.22,10.0,1,typical,25,1.2,0.0,0.0,0.02954418723802698
nfet_03v3_dss,0.22,10.0,1,typical,25,1.2,1.1,0.0,0.04090473093169369
nfet_03v3_dss,0.22,10.0,1,typical,25,1.2,2.2,0.0,0.1500331392428159
nfet_03v3_dss,0.22,10.0,1,typical,25,1.2,3.3,0.0,2.2128871833986365
nfet_03v3_dss,0.22,10.0,1,typical,25,1.3,0.0,0.0,0.02926273763186226
nfet_03v3_dss,0.22,10.0,1,typical,25,1.3,1.1,0.0,0.03851231378632607
nfet_03v3_dss,0.22,10.0,1,typical,25,1.3,2.2,0.0,0.10001264963509271
nfet_03v3_dss,0.22,10.0,1,typical,25,1.3,3.3,0.0,1.8257427777236297
nfet_03v3_dss,0.22,10.0,1,typical,25,1.4,0.0,0.0,0.02901060436671515
nfet_03v3_dss,0.22,10.0,1,typical,25,1.4,1.1,0.0,0.03652796992200707
nfet_03v3_dss,0.22,10.0,1,typical,25,1.4,2.2,0.0,0.07612412888927737
nfet_03v3_dss,0.22,10.0,1,typical,25,1.4,3.3,0.0,1.4129903412683107
nfet_03v3_dss,0.22,10.0,1,typical,25,1.5,0.0,0.0,0.028783044625200604
nfet_03v3_dss,0.22,10.0,1,typical,25,1.5,1.1,0.0,0.03497875567952381
nfet_03v3_dss,0.22,10.0,1,typical,25,1.5,2.2,0.0,0.0637721135452127
nfet_03v3_dss,0.22,10.0,1,typical,25,1.5,3.3,0.0,1.0050316517806923
nfet_03v3_dss,0.22,10.0,1,typical,25,1.6,0.0,0.0,0.028576302350597587
nfet_03v3_dss,0.22,10.0,1,typical,25,1.6,1.1,0.0,0.03377427104965806
nfet_03v3_dss,0.22,10.0,1,typical,25,1.6,2.2,0.0,0.05687911284232079
nfet_03v3_dss,0.22,10.0,1,typical,25,1.6,3.3,0.0,0.6520769115638991
nfet_03v3_dss,0.22,10.0,1,typical,25,1.7,0.0,0.0,0.028387449091903258
nfet_03v3_dss,0.22,10.0,1,typical,25,1.7,1.1,0.0,0.032822524473733475
nfet_03v3_dss,0.22,10.0,1,typical,25,1.7,2.2,0.0,0.052757954675599884
nfet_03v3_dss,0.22,10.0,1,typical,25,1.7,3.3,0.0,0.39703429400744067
nfet_03v3_dss,0.22,10.0,1,typical,25,1.8,0.0,0.0,0.02821397020097386
nfet_03v3_dss,0.22,10.0,1,typical,25,1.8,1.1,0.0,0.032054442705269935
nfet_03v3_dss,0.22,10.0,1,typical,25,1.8,2.2,0.0,0.05012107553347305
nfet_03v3_dss,0.22,10.0,1,typical,25,1.8,3.3,0.0,0.2416424077393103
nfet_03v3_dss,0.22,10.0,1,typical,25,1.9,0.0,0.0,0.02805398764944888
nfet_03v3_dss,0.22,10.0,1,typical,25,1.9,1.1,0.0,0.0314213561618397
nfet_03v3_dss,0.22,10.0,1,typical,25,1.9,2.2,0.0,0.048283790839079514
nfet_03v3_dss,0.22,10.0,1,typical,25,1.9,3.3,0.0,0.15618288634879007
nfet_03v3_dss,0.22,10.0,1,typical,25,2.0,0.0,0.0,0.02790575073292444
nfet_03v3_dss,0.22,10.0,1,typical,25,2.0,1.1,0.0,0.030890160614714966
nfet_03v3_dss,0.22,10.0,1,typical,25,2.0,2.2,0.0,0.04680651463210093
nfet_03v3_dss,0.22,10.0,1,typical,25,2.0,3.3,0.0,0.11038445914342936
nfet_03v3_dss,0.22,10.0,1,typical,25,2.1,0.0,0.0,0.027767954380844926
nfet_03v3_dss,0.22,10.0,1,typical,25,2.1,1.1,0.0,0.03043723746993801
nfet_03v3_dss,0.22,10.0,1,typical,25,2.1,2.2,0.0,0.04530281870411841
nfet_03v3_dss,0.22,10.0,1,typical,25,2.1,3.3,0.0,0.08526789883576882
nfet_03v3_dss,0.22,10.0,1,typical,25,2.2,0.0,0.0,0.027639389015622202
nfet_03v3_dss,0.22,10.0,1,typical,25,2.2,1.1,0.0,0.030045779965231646
nfet_03v3_dss,0.22,10.0,1,typical,25,2.2,2.2,0.0,0.04341173963804218
nfet_03v3_dss,0.22,10.0,1,typical,25,2.2,3.3,0.0,0.07087806356559409
nfet_03v3_dss,0.22,10.0,1,typical,25,2.3,0.0,0.0,0.02751906787659227
nfet_03v3_dss,0.22,10.0,1,typical,25,2.3,1.1,0.0,0.02970340584581209
nfet_03v3_dss,0.22,10.0,1,typical,25,2.3,2.2,0.0,0.04109635348644505
nfet_03v3_dss,0.22,10.0,1,typical,25,2.3,3.3,0.0,0.06225186550286627
nfet_03v3_dss,0.22,10.0,1,typical,25,2.4,0.0,0.0,0.027406163358036938
nfet_03v3_dss,0.22,10.0,1,typical,25,2.4,1.1,0.0,0.02940094778680087
nfet_03v3_dss,0.22,10.0,1,typical,25,2.4,2.2,0.0,0.038780330715064704
nfet_03v3_dss,0.22,10.0,1,typical,25,2.4,3.3,0.0,0.05686924523568078
nfet_03v3_dss,0.22,10.0,1,typical,25,2.5,0.0,0.0,0.02729994334720549
nfet_03v3_dss,0.22,10.0,1,typical,25,2.5,1.1,0.0,0.029131307477615012
nfet_03v3_dss,0.22,10.0,1,typical,25,2.5,2.2,0.0,0.036820496712399946
nfet_03v3_dss,0.22,10.0,1,typical,25,2.5,3.3,0.0,0.05336751811803987
nfet_03v3_dss,0.22,10.0,1,typical,25,2.6,0.0,0.0,0.027199771224314696
nfet_03v3_dss,0.22,10.0,1,typical,25,2.6,1.1,0.0,0.02888910548108625
nfet_03v3_dss,0.22,10.0,1,typical,25,2.6,2.2,0.0,0.03527000923035024
nfet_03v3_dss,0.22,10.0,1,typical,25,2.6,3.3,0.0,0.050996109425518764
nfet_03v3_dss,0.22,10.0,1,typical,25,2.7,0.0,0.0,0.027105105862548818
nfet_03v3_dss,0.22,10.0,1,typical,25,2.7,1.1,0.0,0.028670012782688627
nfet_03v3_dss,0.22,10.0,1,typical,25,2.7,2.2,0.0,0.03405215558503671
nfet_03v3_dss,0.22,10.0,1,typical,25,2.7,3.3,0.0,0.04932848390335526
nfet_03v3_dss,0.22,10.0,1,typical,25,2.8,0.0,0.0,0.027015406135092117
nfet_03v3_dss,0.22,10.0,1,typical,25,2.8,1.1,0.0,0.028470623466581885
nfet_03v3_dss,0.22,10.0,1,typical,25,2.8,2.2,0.0,0.03308226534529015
nfet_03v3_dss,0.22,10.0,1,typical,25,2.8,3.3,0.0,0.04810744715912559
nfet_03v3_dss,0.22,10.0,1,typical,25,2.9,0.0,0.0,0.026930321901063807
nfet_03v3_dss,0.22,10.0,1,typical,25,2.9,1.1,0.0,0.028288168236708985
nfet_03v3_dss,0.22,10.0,1,typical,25,2.9,2.2,0.0,0.032293811743763334
nfet_03v3_dss,0.22,10.0,1,typical,25,2.9,3.3,0.0,0.04716143016125005
nfet_03v3_dss,0.22,10.0,1,typical,25,3.0,0.0,0.0,0.02684940752661564
nfet_03v3_dss,0.22,10.0,1,typical,25,3.0,1.1,0.0,0.028120450754817793
nfet_03v3_dss,0.22,10.0,1,typical,25,3.0,2.2,0.0,0.03164073533913977
nfet_03v3_dss,0.22,10.0,1,typical,25,3.0,3.3,0.0,0.046352286416768355
nfet_03v3_dss,0.22,10.0,1,typical,25,3.1,0.0,0.0,0.026772376532845154
nfet_03v3_dss,0.22,10.0,1,typical,25,3.1,1.1,0.0,0.027965529330569467
nfet_03v3_dss,0.22,10.0,1,typical,25,3.1,2.2,0.0,0.031090409367529062
nfet_03v3_dss,0.22,10.0,1,typical,25,3.1,3.3,0.0,0.04552372576889823
nfet_03v3_dss,0.22,10.0,1,typical,25,3.2,0.0,0.0,0.026698942440849905
nfet_03v3_dss,0.22,10.0,1,typical,25,3.2,1.1,0.0,0.027821907907473423
nfet_03v3_dss,0.22,10.0,1,typical,25,3.2,2.2,0.0,0.03061975636178924
nfet_03v3_dss,0.22,10.0,1,typical,25,3.2,3.3,0.0,0.044444018616545
nfet_03v3_dss,0.22,10.0,1,typical,25,3.3,0.0,0.0,0.02662875510974911
nfet_03v3_dss,0.22,10.0,1,typical,25,3.3,1.1,0.0,0.027688281414974047
nfet_03v3_dss,0.22,10.0,1,typical,25,3.3,2.2,0.0,0.030212096883599732
nfet_03v3_dss,0.22,10.0,1,typical,25,3.3,3.3,0.0,0.04283973676281259
pfet_03v3_dss,10.0,0.28,1,typical,25,-0.0,-0.0,0.0,1.6102533472990737
pfet_03v3_dss,10.0,0.28,1,typical,25,-0.0,-1.1,0.0,7.181835098542058
pfet_03v3_dss,10.0,0.28,1,typical,25,-0.0,-2.2,0.0,7.330676803860563
pfet_03v3_dss,10.0,0.28,1,typical,25,-0.0,-3.3,0.0,7.309413703100777
pfet_03v3_dss,10.0,0.28,1,typical,25,-0.1,-0.0,0.0,1.5554594825567132
pfet_03v3_dss,10.0,0.28,1,typical,25,-0.1,-1.1,0.0,6.108780622923545
pfet_03v3_dss,10.0,0.28,1,typical,25,-0.1,-2.2,0.0,7.119860162644895
pfet_03v3_dss,10.0,0.28,1,typical,25,-0.1,-3.3,0.0,7.204339607879136
pfet_03v3_dss,10.0,0.28,1,typical,25,-0.2,-0.0,0.0,1.5190480140550369
pfet_03v3_dss,10.0,0.28,1,typical,25,-0.2,-1.1,0.0,4.392644673278133
pfet_03v3_dss,10.0,0.28,1,typical,25,-0.2,-2.2,0.0,6.862220136372869
pfet_03v3_dss,10.0,0.28,1,typical,25,-0.2,-3.3,0.0,7.084846074567402
pfet_03v3_dss,10.0,0.28,1,typical,25,-0.3,-0.0,0.0,1.4879364052487263
pfet_03v3_dss,10.0,0.28,1,typical,25,-0.3,-1.1,0.0,2.615144942727456
pfet_03v3_dss,10.0,0.28,1,typical,25,-0.3,-2.2,0.0,6.546170244989754
pfet_03v3_dss,10.0,0.28,1,typical,25,-0.3,-3.3,0.0,6.948959581837568
pfet_03v3_dss,10.0,0.28,1,typical,25,-0.4,-0.0,0.0,1.4632960365389196
pfet_03v3_dss,10.0,0.28,1,typical,25,-0.4,-1.1,0.0,1.8618359363336925
pfet_03v3_dss,10.0,0.28,1,typical,25,-0.4,-2.2,0.0,6.156877247546356
pfet_03v3_dss,10.0,0.28,1,typical,25,-0.4,-3.3,0.0,6.794356467480856
pfet_03v3_dss,10.0,0.28,1,typical,25,-0.5,-0.0,0.0,1.4439714430190598
pfet_03v3_dss,10.0,0.28,1,typical,25,-0.5,-1.1,0.0,1.66950673362294
pfet_03v3_dss,10.0,0.28,1,typical,25,-0.5,-2.2,0.0,5.6760064942857325
pfet_03v3_dss,10.0,0.28,1,typical,25,-0.5,-3.3,0.0,6.618267435440228
pfet_03v3_dss,10.0,0.28,1,typical,25,-0.6,-0.0,0.0,1.428587525957376
pfet_03v3_dss,10.0,0.28,1,typical,25,-0.6,-1.1,0.0,1.6138693476678037
pfet_03v3_dss,10.0,0.28,1,typical,25,-0.6,-2.2,0.0,5.083599955003713
pfet_03v3_dss,10.0,0.28,1,typical,25,-0.6,-3.3,0.0,6.417477555810387
pfet_03v3_dss,10.0,0.28,1,typical,25,-0.7,-0.0,0.0,1.4160779472169622
pfet_03v3_dss,10.0,0.28,1,typical,25,-0.7,-1.1,0.0,1.5925680497210235
pfet_03v3_dss,10.0,0.28,1,typical,25,-0.7,-2.2,0.0,4.367530022829822
pfet_03v3_dss,10.0,0.28,1,typical,25,-0.7,-3.3,0.0,6.188103447913647
pfet_03v3_dss,10.0,0.28,1,typical,25,-0.8,-0.0,0.0,1.4056978616514437
pfet_03v3_dss,10.0,0.28,1,typical,25,-0.8,-1.1,0.0,1.581016583754367
pfet_03v3_dss,10.0,0.28,1,typical,25,-0.8,-2.2,0.0,3.554311911735468
pfet_03v3_dss,10.0,0.28,1,typical,25,-0.8,-3.3,0.0,5.925656942278257
pfet_03v3_dss,10.0,0.28,1,typical,25,-0.9,-0.0,0.0,1.3969252410385737
pfet_03v3_dss,10.0,0.28,1,typical,25,-0.9,-1.1,0.0,1.5706746953758421
pfet_03v3_dss,10.0,0.28,1,typical,25,-0.9,-2.2,0.0,2.763786112814246
pfet_03v3_dss,10.0,0.28,1,typical,25,-0.9,-3.3,0.0,5.624981418660077
pfet_03v3_dss,10.0,0.28,1,typical,25,-1.0,-0.0,0.0,1.389397212101913
pfet_03v3_dss,10.0,0.28,1,typical,25,-1.0,-1.1,0.0,1.5557427783602493
pfet_03v3_dss,10.0,0.28,1,typical,25,-1.0,-2.2,0.0,2.18097343366546
pfet_03v3_dss,10.0,0.28,1,typical,25,-1.0,-3.3,0.0,5.280283637031739
pfet_03v3_dss,10.0,0.28,1,typical,25,-1.1,-0.0,0.0,1.3828495776314216
pfet_03v3_dss,10.0,0.28,1,typical,25,-1.1,-1.1,0.0,1.5307936490555776
pfet_03v3_dss,10.0,0.28,1,typical,25,-1.1,-2.2,0.0,1.8627081054367136
pfet_03v3_dss,10.0,0.28,1,typical,25,-1.1,-3.3,0.0,4.885674864398394
pfet_03v3_dss,10.0,0.28,1,typical,25,-1.2,-0.0,0.0,1.3770881685932161
pfet_03v3_dss,10.0,0.28,1,typical,25,-1.2,-1.1,0.0,1.4957859271759169
pfet_03v3_dss,10.0,0.28,1,typical,25,-1.2,-2.2,0.0,1.7157316960830629
pfet_03v3_dss,10.0,0.28,1,typical,25,-1.2,-3.3,0.0,4.436857917223258
pfet_03v3_dss,10.0,0.28,1,typical,25,-1.3,-0.0,0.0,1.3719697455360695
pfet_03v3_dss,10.0,0.28,1,typical,25,-1.3,-1.1,0.0,1.4589001769357361
pfet_03v3_dss,10.0,0.28,1,typical,25,-1.3,-2.2,0.0,1.6490012104051939
pfet_03v3_dss,10.0,0.28,1,typical,25,-1.3,-3.3,0.0,3.9347877251811703
pfet_03v3_dss,10.0,0.28,1,typical,25,-1.4,-0.0,0.0,1.3673860830968343
pfet_03v3_dss,10.0,0.28,1,typical,25,-1.4,-1.1,0.0,1.4272028779288566
pfet_03v3_dss,10.0,0.28,1,typical,25,-1.4,-2.2,0.0,1.616810531066313
pfet_03v3_dss,10.0,0.28,1,typical,25,-1.4,-3.3,0.0,3.394202036253841
pfet_03v3_dss,10.0,0.28,1,typical,25,-1.5,-0.0,0.0,1.3632448714069416
pfet_03v3_dss,10.0,0.28,1,typical,25,-1.5,-1.1,0.0,1.4020818612827137
pfet_03v3_dss,10.0,0.28,1,typical,25,-1.5,-2.2,0.0,1.5998732617335552
pfet_03v3_dss,10.0,0.28,1,typical,25,-1.5,-3.3,0.0,2.8560514179973557
pfet_03v3_dss,10.0,0.28,1,typical,25,-1.6,-0.0,0.0,1.3594856315869854
pfet_03v3_dss,10.0,0.28,1,typical,25,-1.6,-1.1,0.0,1.3823943944864143
pfet_03v3_dss,10.0,0.28,1,typical,25,-1.6,-2.2,0.0,1.5900788663686054
pfet_03v3_dss,10.0,0.28,1,typical,25,-1.6,-3.3,0.0,2.3884637365137666
pfet_03v3_dss,10.0,0.28,1,typical,25,-1.7,-0.0,0.0,1.356051067856475
pfet_03v3_dss,10.0,0.28,1,typical,25,-1.7,-1.1,0.0,1.3667399140168588
pfet_03v3_dss,10.0,0.28,1,typical,25,-1.7,-2.2,0.0,1.5837381333276632
pfet_03v3_dss,10.0,0.28,1,typical,25,-1.7,-3.3,0.0,2.049727899155352
pfet_03v3_dss,10.0,0.28,1,typical,25,-1.8,-0.0,0.0,1.3528966168305845
pfet_03v3_dss,10.0,0.28,1,typical,25,-1.8,-1.1,0.0,1.3540298000447288
pfet_03v3_dss,10.0,0.28,1,typical,25,-1.8,-2.2,0.0,1.5788998229751368
pfet_03v3_dss,10.0,0.28,1,typical,25,-1.8,-3.3,0.0,1.8425622723964907
pfet_03v3_dss,10.0,0.28,1,typical,25,-1.9,-0.0,0.0,1.3499872644212365
pfet_03v3_dss,10.0,0.28,1,typical,25,-1.9,-1.1,0.0,1.3434969257312357
pfet_03v3_dss,10.0,0.28,1,typical,25,-1.9,-2.2,0.0,1.5741379069965977
pfet_03v3_dss,10.0,0.28,1,typical,25,-1.9,-3.3,0.0,1.7277988240741333
pfet_03v3_dss,10.0,0.28,1,typical,25,-2.0,-0.0,0.0,1.3472911796392695
pfet_03v3_dss,10.0,0.28,1,typical,25,-2.0,-1.1,0.0,1.3346065304584687
pfet_03v3_dss,10.0,0.28,1,typical,25,-2.0,-2.2,0.0,1.5677016809881714
pfet_03v3_dss,10.0,0.28,1,typical,25,-2.0,-3.3,0.0,1.6656965642203254
pfet_03v3_dss,10.0,0.28,1,typical,25,-2.1,-0.0,0.0,1.3447828976933545
pfet_03v3_dss,10.0,0.28,1,typical,25,-2.1,-1.1,0.0,1.3269830085543237
pfet_03v3_dss,10.0,0.28,1,typical,25,-2.1,-2.2,0.0,1.5565576516827802
pfet_03v3_dss,10.0,0.28,1,typical,25,-2.1,-3.3,0.0,1.631325462123892
pfet_03v3_dss,10.0,0.28,1,typical,25,-2.2,-0.0,0.0,1.3424433199899948
pfet_03v3_dss,10.0,0.28,1,typical,25,-2.2,-1.1,0.0,1.3203621628087614
pfet_03v3_dss,10.0,0.28,1,typical,25,-2.2,-2.2,0.0,1.5361094242455242
pfet_03v3_dss,10.0,0.28,1,typical,25,-2.2,-3.3,0.0,1.611459741788289
pfet_03v3_dss,10.0,0.28,1,typical,25,-2.3,-0.0,0.0,1.3402565310346095
pfet_03v3_dss,10.0,0.28,1,typical,25,-2.3,-1.1,0.0,1.314540274891149
pfet_03v3_dss,10.0,0.28,1,typical,25,-2.3,-2.2,0.0,1.5042179562047606
pfet_03v3_dss,10.0,0.28,1,typical,25,-2.3,-3.3,0.0,1.5993735152037216
pfet_03v3_dss,10.0,0.28,1,typical,25,-2.4,-0.0,0.0,1.338203432233702
pfet_03v3_dss,10.0,0.28,1,typical,25,-2.4,-1.1,0.0,1.3093741053502608
pfet_03v3_dss,10.0,0.28,1,typical,25,-2.4,-2.2,0.0,1.467173051018773
pfet_03v3_dss,10.0,0.28,1,typical,25,-2.4,-3.3,0.0,1.5916290355407634
pfet_03v3_dss,10.0,0.28,1,typical,25,-2.5,-0.0,0.0,1.3362712911916077
pfet_03v3_dss,10.0,0.28,1,typical,25,-2.5,-1.1,0.0,1.3047490626251155
pfet_03v3_dss,10.0,0.28,1,typical,25,-2.5,-2.2,0.0,1.433543610969799
pfet_03v3_dss,10.0,0.28,1,typical,25,-2.5,-3.3,0.0,1.5864055702193849
pfet_03v3_dss,10.0,0.28,1,typical,25,-2.6,-0.0,0.0,1.334447375512662
pfet_03v3_dss,10.0,0.28,1,typical,25,-2.6,-1.1,0.0,1.3005760199460616
pfet_03v3_dss,10.0,0.28,1,typical,25,-2.6,-2.2,0.0,1.406407692709742
pfet_03v3_dss,10.0,0.28,1,typical,25,-2.6,-3.3,0.0,1.5826813444875059
pfet_03v3_dss,10.0,0.28,1,typical,25,-2.7,-0.0,0.0,1.3327253189990325
pfet_03v3_dss,10.0,0.28,1,typical,25,-2.7,-1.1,0.0,1.2967913153347763
pfet_03v3_dss,10.0,0.28,1,typical,25,-2.7,-2.2,0.0,1.3851191271586263
pfet_03v3_dss,10.0,0.28,1,typical,25,-2.7,-3.3,0.0,1.5798388371553966
pfet_03v3_dss,10.0,0.28,1,typical,25,-2.8,-0.0,0.0,1.3310923892550548
pfet_03v3_dss,10.0,0.28,1,typical,25,-2.8,-1.1,0.0,1.293334469911853
pfet_03v3_dss,10.0,0.28,1,typical,25,-2.8,-2.2,0.0,1.3682678014966039
pfet_03v3_dss,10.0,0.28,1,typical,25,-2.8,-3.3,0.0,1.5774419636715467
pfet_03v3_dss,10.0,0.28,1,typical,25,-2.9,-0.0,0.0,1.3295454031818128
pfet_03v3_dss,10.0,0.28,1,typical,25,-2.9,-1.1,0.0,1.2901609202924655
pfet_03v3_dss,10.0,0.28,1,typical,25,-2.9,-2.2,0.0,1.3546600536301237
pfet_03v3_dss,10.0,0.28,1,typical,25,-2.9,-3.3,0.0,1.5750896535725223
pfet_03v3_dss,10.0,0.28,1,typical,25,-3.0,-0.0,0.0,1.328071628383642
pfet_03v3_dss,10.0,0.28,1,typical,25,-3.0,-1.1,0.0,1.2872356523885369
pfet_03v3_dss,10.0,0.28,1,typical,25,-3.0,-2.2,0.0,1.3434459961485776
pfet_03v3_dss,10.0,0.28,1,typical,25,-3.0,-3.3,0.0,1.5722535124382453
pfet_03v3_dss,10.0,0.28,1,typical,25,-3.1,-0.0,0.0,1.3266710648605422
pfet_03v3_dss,10.0,0.28,1,typical,25,-3.1,-1.1,0.0,1.2845300183098216
pfet_03v3_dss,10.0,0.28,1,typical,25,-3.1,-2.2,0.0,1.334024023356816
pfet_03v3_dss,10.0,0.28,1,typical,25,-3.1,-3.3,0.0,1.567953145802546
pfet_03v3_dss,10.0,0.28,1,typical,25,-3.2,-0.0,0.0,1.3253341633157654
pfet_03v3_dss,10.0,0.28,1,typical,25,-3.2,-1.1,0.0,1.2820153701660744
pfet_03v3_dss,10.0,0.28,1,typical,25,-3.2,-2.2,0.0,1.3259803323957409
pfet_03v3_dss,10.0,0.28,1,typical,25,-3.2,-3.3,0.0,1.5601545534580135
pfet_03v3_dss,10.0,0.28,1,typical,25,-3.3,-0.0,0.0,1.3240577406503948
pfet_03v3_dss,10.0,0.28,1,typical,25,-3.3,-1.1,0.0,1.2796726093637982
pfet_03v3_dss,10.0,0.28,1,typical,25,-3.3,-2.2,0.0,1.3190157119672359
pfet_03v3_dss,10.0,0.28,1,typical,25,-3.3,-3.3,0.0,1.5450093688150397
pfet_03v3_dss,10.0,10.0,1,typical,25,-0.0,-0.0,0.0,1.6019645577214563
pfet_03v3_dss,10.0,10.0,1,typical,25,-0.0,-1.1,0.0,187.51349236053076
pfet_03v3_dss,10.0,10.0,1,typical,25,-0.0,-2.2,0.0,206.4462464038144
pfet_03v3_dss,10.0,10.0,1,typical,25,-0.0,-3.3,0.0,210.0724326890762
pfet_03v3_dss,10.0,10.0,1,typical,25,-0.1,-0.0,0.0,1.5554435670621327
pfet_03v3_dss,10.0,10.0,1,typical,25,-0.1,-1.1,0.0,117.27554998697157
pfet_03v3_dss,10.0,10.0,1,typical,25,-0.1,-2.2,0.0,196.0171411149873
pfet_03v3_dss,10.0,10.0,1,typical,25,-0.1,-3.3,0.0,204.61246311822862
pfet_03v3_dss,10.0,10.0,1,typical,25,-0.2,-0.0,0.0,1.5191021267366112
pfet_03v3_dss,10.0,10.0,1,typical,25,-0.2,-1.1,0.0,35.01472469727615
pfet_03v3_dss,10.0,10.0,1,typical,25,-0.2,-2.2,0.0,183.28506376033607
pfet_03v3_dss,10.0,10.0,1,typical,25,-0.2,-3.3,0.0,198.51491883447903
pfet_03v3_dss,10.0,10.0,1,typical,25,-0.3,-0.0,0.0,1.488003250325965
pfet_03v3_dss,10.0,10.0,1,typical,25,-0.3,-1.1,0.0,8.614643413662229
pfet_03v3_dss,10.0,10.0,1,typical,25,-0.3,-2.2,0.0,167.57647060920627
pfet_03v3_dss,10.0,10.0,1,typical,25,-0.3,-3.3,0.0,191.67857729229434
pfet_03v3_dss,10.0,10.0,1,typical,25,-0.4,-0.0,0.0,1.4633660647150746
pfet_03v3_dss,10.0,10.0,1,typical,25,-0.4,-1.1,0.0,3.706941504764176
pfet_03v3_dss,10.0,10.0,1,typical,25,-0.4,-2.2,0.0,148.03128833445814
pfet_03v3_dss,10.0,10.0,1,typical,25,-0.4,-3.3,0.0,183.98279904275302
pfet_03v3_dss,10.0,10.0,1,typical,25,-0.5,-0.0,0.0,1.4440414711952148
pfet_03v3_dss,10.0,10.0,1,typical,25,-0.5,-1.1,0.0,2.4720041675677487
pfet_03v3_dss,10.0,10.0,1,typical,25,-0.5,-2.2,0.0,123.70954782615671
pfet_03v3_dss,10.0,10.0,1,typical,25,-0.5,-3.3,0.0,175.28243477527926
pfet_03v3_dss,10.0,10.0,1,typical,25,-0.6,-0.0,0.0,1.4286575541335307
pfet_03v3_dss,10.0,10.0,1,typical,25,-0.6,-1.1,0.0,2.0470381805712172
pfet_03v3_dss,10.0,10.0,1,typical,25,-0.6,-2.2,0.0,94.19935608455405
pfet_03v3_dss,10.0,10.0,1,typical,25,-0.6,-3.3,0.0,165.4052788385101
pfet_03v3_dss,10.0,10.0,1,typical,25,-0.7,-0.0,0.0,1.4161511584920337
pfet_03v3_dss,10.0,10.0,1,typical,25,-0.7,-1.1,0.0,1.8652514014707062
pfet_03v3_dss,10.0,10.0,1,typical,25,-0.7,-2.2,0.0,61.64293868020952
pfet_03v3_dss,10.0,10.0,1,typical,25,-0.7,-3.3,0.0,154.14665797213806
pfet_03v3_dss,10.0,10.0,1,typical,25,-0.8,-0.0,0.0,1.405771072926515
pfet_03v3_dss,10.0,10.0,1,typical,25,-0.8,-1.1,0.0,1.7736004343784104
pfet_03v3_dss,10.0,10.0,1,typical,25,-0.8,-2.2,0.0,33.245876629579534
pfet_03v3_dss,10.0,10.0,1,typical,25,-0.8,-3.3,0.0,141.27006792669422
pfet_03v3_dss,10.0,10.0,1,typical,25,-0.9,-0.0,0.0,1.397001635412561
pfet_03v3_dss,10.0,10.0,1,typical,25,-0.9,-1.1,0.0,1.7189880062742697
pfet_03v3_dss,10.0,10.0,1,typical,25,-0.9,-2.2,0.0,15.959485007699596
pfet_03v3_dss,10.0,10.0,1,typical,25,-0.9,-3.3,0.0,126.52245233834583
pfet_03v3_dss,10.0,10.0,1,typical,25,-1.0,-0.0,0.0,1.3894736064759
pfet_03v3_dss,10.0,10.0,1,typical,25,-1.0,-1.1,0.0,1.6775185935948536
pfet_03v3_dss,10.0,10.0,1,typical,25,-1.0,-2.2,0.0,8.082683922797626
pfet_03v3_dss,10.0,10.0,1,typical,25,-1.0,-3.3,0.0,109.68035766318013
pfet_03v3_dss,10.0,10.0,1,typical,25,-1.1,-0.0,0.0,1.3829259720054088
pfet_03v3_dss,10.0,10.0,1,typical,25,-1.1,-1.1,0.0,1.6355876315725977
pfet_03v3_dss,10.0,10.0,1,typical,25,-1.1,-2.2,0.0,4.785789220410056
pfet_03v3_dss,10.0,10.0,1,typical,25,-1.1,-3.3,0.0,90.68871628994796
pfet_03v3_dss,10.0,10.0,1,typical,25,-1.2,-0.0,0.0,1.3771677460661194
pfet_03v3_dss,10.0,10.0,1,typical,25,-1.2,-1.1,0.0,1.5893785846070556
pfet_03v3_dss,10.0,10.0,1,typical,25,-1.2,-2.2,0.0,3.334327945641328
pfet_03v3_dss,10.0,10.0,1,typical,25,-1.2,-3.3,0.0,69.99730009549933
pfet_03v3_dss,10.0,10.0,1,typical,25,-1.3,-0.0,0.0,1.3720493230089732
pfet_03v3_dss,10.0,10.0,1,typical,25,-1.3,-1.1,0.0,1.5450602983976978
pfet_03v3_dss,10.0,10.0,1,typical,25,-1.3,-2.2,0.0,2.6347178179627746
pfet_03v3_dss,10.0,10.0,1,typical,25,-1.3,-3.3,0.0,49.140999377194866
pfet_03v3_dss,10.0,10.0,1,typical,25,-1.4,-0.0,0.0,1.3674656605697377
pfet_03v3_dss,10.0,10.0,1,typical,25,-1.4,-1.1,0.0,1.5082541256304207
pfet_03v3_dss,10.0,10.0,1,typical,25,-1.4,-2.2,0.0,2.2661754423536644
pfet_03v3_dss,10.0,10.0,1,typical,25,-1.4,-3.3,0.0,30.965249918146608
pfet_03v3_dss,10.0,10.0,1,typical,25,-1.5,-0.0,0.0,1.3633276319787613
pfet_03v3_dss,10.0,10.0,1,typical,25,-1.5,-1.1,0.0,1.4794661790328891
pfet_03v3_dss,10.0,10.0,1,typical,25,-1.5,-2.2,0.0,2.0565970266163727
pfet_03v3_dss,10.0,10.0,1,typical,25,-1.5,-3.3,0.0,18.04883930526192
pfet_03v3_dss,10.0,10.0,1,typical,25,-1.6,-0.0,0.0,1.3595683921588049
pfet_03v3_dss,10.0,10.0,1,typical,25,-1.6,-1.1,0.0,1.4570507964654613
pfet_03v3_dss,10.0,10.0,1,typical,25,-1.6,-2.2,0.0,1.9294990699939898
pfet_03v3_dss,10.0,10.0,1,typical,25,-1.6,-3.3,0.0,10.478538814994662
pfet_03v3_dss,10.0,10.0,1,typical,25,-1.7,-0.0,0.0,1.3561338284282947
pfet_03v3_dss,10.0,10.0,1,typical,25,-1.7,-1.1,0.0,1.4393177524036693
pfet_03v3_dss,10.0,10.0,1,typical,25,-1.7,-2.2,0.0,1.8479894560485022
pfet_03v3_dss,10.0,10.0,1,typical,25,-1.7,-3.3,0.0,6.49915587399843
pfet_03v3_dss,10.0,10.0,1,typical,25,-1.8,-0.0,0.0,1.3529825605013202
pfet_03v3_dss,10.0,10.0,1,typical,25,-1.8,-1.1,0.0,1.4249938072810586
pfet_03v3_dss,10.0,10.0,1,typical,25,-1.8,-2.2,0.0,1.792797703941625
pfet_03v3_dss,10.0,10.0,1,typical,25,-1.8,-3.3,0.0,4.447966932440571
pfet_03v3_dss,10.0,10.0,1,typical,25,-1.9,-0.0,0.0,1.3500732080919722
pfet_03v3_dss,10.0,10.0,1,typical,25,-1.9,-1.1,0.0,1.4131876934011112
pfet_03v3_dss,10.0,10.0,1,typical,25,-1.9,-2.2,0.0,1.7528052491592958
pfet_03v3_dss,10.0,10.0,1,typical,25,-1.9,-3.3,0.0,3.3567369620109235
pfet_03v3_dss,10.0,10.0,1,typical,25,-2.0,-0.0,0.0,1.3473771233100051
pfet_03v3_dss,10.0,10.0,1,typical,25,-2.0,-1.1,0.0,1.4032818895740968
pfet_03v3_dss,10.0,10.0,1,typical,25,-2.0,-2.2,0.0,1.7203440064125437
pfet_03v3_dss,10.0,10.0,1,typical,25,-2.0,-3.3,0.0,2.7467915477009974
pfet_03v3_dss,10.0,10.0,1,typical,25,-2.1,-0.0,0.0,1.3448720244630064
pfet_03v3_dss,10.0,10.0,1,typical,25,-2.1,-1.1,0.0,1.394840311248505
pfet_03v3_dss,10.0,10.0,1,typical,25,-2.1,-2.2,0.0,1.6883506792064635
pfet_03v3_dss,10.0,10.0,1,typical,25,-2.1,-3.3,0.0,2.3876329476966554
pfet_03v3_dss,10.0,10.0,1,typical,25,-2.2,-0.0,0.0,1.3425356298585627
pfet_03v3_dss,10.0,10.0,1,typical,25,-2.2,-1.1,0.0,1.3875446485327216
pfet_03v3_dss,10.0,10.0,1,typical,25,-2.2,-2.2,0.0,1.6501471260150027
pfet_03v3_dss,10.0,10.0,1,typical,25,-2.2,-3.3,0.0,2.1654367278558015
pfet_03v3_dss,10.0,10.0,1,typical,25,-2.3,-0.0,0.0,1.3403456578042614
pfet_03v3_dss,10.0,10.0,1,typical,25,-2.3,-1.1,0.0,1.381172084502618
pfet_03v3_dss,10.0,10.0,1,typical,25,-2.3,-2.2,0.0,1.604921656614546
pfet_03v3_dss,10.0,10.0,1,typical,25,-2.3,-3.3,0.0,2.0217707413749317
pfet_03v3_dss,10.0,10.0,1,typical,25,-2.4,-0.0,0.0,1.3382925590033539
pfet_03v3_dss,10.0,10.0,1,typical,25,-2.4,-1.1,0.0,1.3755475487178064
pfet_03v3_dss,10.0,10.0,1,typical,25,-2.4,-2.2,0.0,1.5602532295244136
pfet_03v3_dss,10.0,10.0,1,typical,25,-2.4,-3.3,0.0,1.9252369005452838
pfet_03v3_dss,10.0,10.0,1,typical,25,-2.5,-0.0,0.0,1.3363636010601756
pfet_03v3_dss,10.0,10.0,1,typical,25,-2.5,-1.1,0.0,1.3705341679248926
pfet_03v3_dss,10.0,10.0,1,typical,25,-2.5,-2.2,0.0,1.5225144087747087
pfet_03v3_dss,10.0,10.0,1,typical,25,-2.5,-3.3,0.0,1.8581499077888073
pfet_03v3_dss,10.0,10.0,1,typical,25,-2.6,-0.0,0.0,1.334542868480146
pfet_03v3_dss,10.0,10.0,1,typical,25,-2.6,-1.1,0.0,1.3660396322553088
pfet_03v3_dss,10.0,10.0,1,typical,25,-2.6,-2.2,0.0,1.4925773634684523
pfet_03v3_dss,10.0,10.0,1,typical,25,-2.6,-3.3,0.0,1.8100978465508224
pfet_03v3_dss,10.0,10.0,1,typical,25,-2.7,-0.0,0.0,1.3328208119665164
pfet_03v3_dss,10.0,10.0,1,typical,25,-2.7,-1.1,0.0,1.3619748149394035
pfet_03v3_dss,10.0,10.0,1,typical,25,-2.7,-2.2,0.0,1.468981051203138
pfet_03v3_dss,10.0,10.0,1,typical,25,-2.7,-3.3,0.0,1.774673138713148
pfet_03v3_dss,10.0,10.0,1,typical,25,-2.8,-0.0,0.0,1.331187882222539
pfet_03v3_dss,10.0,10.0,1,typical,25,-2.8,-1.1,0.0,1.3582792370977699
pfet_03v3_dss,10.0,10.0,1,typical,25,-2.8,-2.2,0.0,1.450118007026118
pfet_03v3_dss,10.0,10.0,1,typical,25,-2.8,-3.3,0.0,1.7477154739923946
pfet_03v3_dss,10.0,10.0,1,typical,25,-2.9,-0.0,0.0,1.329640896149297
pfet_03v3_dss,10.0,10.0,1,typical,25,-2.9,-1.1,0.0,1.354898786048834
pfet_03v3_dss,10.0,10.0,1,typical,25,-2.9,-2.2,0.0,1.4347531885579308
pfet_03v3_dss,10.0,10.0,1,typical,25,-2.9,-3.3,0.0,1.7262836689900527
pfet_03v3_dss,10.0,10.0,1,typical,25,-3.0,-0.0,0.0,1.3281703044500421
pfet_03v3_dss,10.0,10.0,1,typical,25,-3.0,-1.1,0.0,1.3517952646056015
pfet_03v3_dss,10.0,10.0,1,typical,25,-3.0,-2.2,0.0,1.422001694299891
pfet_03v3_dss,10.0,10.0,1,typical,25,-3.0,-3.3,0.0,1.7078949065515368
pfet_03v3_dss,10.0,10.0,1,typical,25,-3.1,-0.0,0.0,1.3267697409269423
pfet_03v3_dss,10.0,10.0,1,typical,25,-3.1,-1.1,0.0,1.3489336586799956
pfet_03v3_dss,10.0,10.0,1,typical,25,-3.1,-2.2,0.0,1.4112460030622682
pfet_03v3_dss,10.0,10.0,1,typical,25,-3.1,-3.3,0.0,1.6896652990588277
pfet_03v3_dss,10.0,10.0,1,typical,25,-3.2,-0.0,0.0,1.3254360224810815
pfet_03v3_dss,10.0,10.0,1,typical,25,-3.2,-1.1,0.0,1.3462789541839384
pfet_03v3_dss,10.0,10.0,1,typical,25,-3.2,-2.2,0.0,1.4020436640957201
pfet_03v3_dss,10.0,10.0,1,typical,25,-3.2,-3.3,0.0,1.6673199446675548
pfet_03v3_dss,10.0,10.0,1,typical,25,-3.3,-0.0,0.0,1.3241595998157112
pfet_03v3_dss,10.0,10.0,1,typical,25,-3.3,-1.1,0.0,1.343812052523933
pfet_03v3_dss,10.0,10.0,1,typical,25,-3.3,-2.2,0.0,1.3940763675086323
pfet_03v3_dss,10.0,10.0,1,typical,25,-3.3,-3.3,0.0,1.6358168146945595
pfet_03v3_dss,0.22,0.28,1,typical,25,-0.0,-0.0,0.0,0.03472251621677489
pfet_03v3_dss,0.22,0.28,1,typical,25,-0.0,-1.1,0.0,0.158183782327473
pfet_03v3_dss,0.22,0.28,1,typical,25,-0.0,-2.2,0.0,0.1583712668536334
pfet_03v3_dss,0.22,0.28,1,typical,25,-0.0,-3.3,0.0,0.15591518772994306
pfet_03v3_dss,0.22,0.28,1,typical,25,-0.1,-0.0,0.0,0.03422340630672481
pfet_03v3_dss,0.22,0.28,1,typical,25,-0.1,-1.1,0.0,0.1394066818211884
pfet_03v3_dss,0.22,0.28,1,typical,25,-0.1,-2.2,0.0,0.15456173407080218
pfet_03v3_dss,0.22,0.28,1,typical,25,-0.1,-3.3,0.0,0.15417880727119104
pfet_03v3_dss,0.22,0.28,1,typical,25,-0.2,-0.0,0.0,0.033418400590834084
pfet_03v3_dss,0.22,0.28,1,typical,25,-0.2,-1.1,0.0,0.10963961399705359
pfet_03v3_dss,0.22,0.28,1,typical,25,-0.2,-2.2,0.0,0.1498927645806143
pfet_03v3_dss,0.22,0.28,1,typical,25,-0.2,-3.3,0.0,0.15217313664413393
pfet_03v3_dss,0.22,0.28,1,typical,25,-0.3,-0.0,0.0,0.03273339770408168
pfet_03v3_dss,0.22,0.28,1,typical,25,-0.3,-1.1,0.0,0.07155574532483938
pfet_03v3_dss,0.22,0.28,1,typical,25,-0.3,-2.2,0.0,0.14416605132059454
pfet_03v3_dss,0.22,0.28,1,typical,25,-0.3,-3.3,0.0,0.149862525140911
pfet_03v3_dss,0.22,0.28,1,typical,25,-0.4,-0.0,0.0,0.03219099764877215
pfet_03v3_dss,0.22,0.28,1,typical,25,-0.4,-1.1,0.0,0.0464305906501053
pfet_03v3_dss,0.22,0.28,1,typical,25,-0.4,-2.2,0.0,0.13712949285658488
pfet_03v3_dss,0.22,0.28,1,typical,25,-0.4,-3.3,0.0,0.14720654740528735
pfet_03v3_dss,0.22,0.28,1,typical,25,-0.5,-0.0,0.0,0.03176573563357642
pfet_03v3_dss,0.22,0.28,1,typical,25,-0.5,-1.1,0.0,0.03833724334593861
pfet_03v3_dss,0.22,0.28,1,typical,25,-0.5,-2.2,0.0,0.12846732577610476
pfet_03v3_dss,0.22,0.28,1,typical,25,-0.5,-3.3,0.0,0.14415682033373772
pfet_03v3_dss,0.22,0.28,1,typical,25,-0.6,-0.0,0.0,0.03142721306384539
pfet_03v3_dss,0.22,0.28,1,typical,25,-0.6,-1.1,0.0,0.036058781141768664
pfet_03v3_dss,0.22,0.28,1,typical,25,-0.6,-2.2,0.0,0.11780808243564109
pfet_03v3_dss,0.22,0.28,1,typical,25,-0.6,-3.3,0.0,0.1406573213853381
pfet_03v3_dss,0.22,0.28,1,typical,25,-0.7,-0.0,0.0,0.03115197050056713
pfet_03v3_dss,0.22,0.28,1,typical,25,-0.7,-1.1,0.0,0.03526714444132571
pfet_03v3_dss,0.22,0.28,1,typical,25,-0.7,-2.2,0.0,0.10479239096756211
pfet_03v3_dss,0.22,0.28,1,typical,25,-0.7,-3.3,0.0,0.13664247872241614
pfet_03v3_dss,0.22,0.28,1,typical,25,-0.8,-0.0,0.0,0.030923583153334395
pfet_03v3_dss,0.22,0.28,1,typical,25,-0.8,-1.1,0.0,0.034894085248354606
pfet_03v3_dss,0.22,0.28,1,typical,25,-0.8,-2.2,0.0,0.08934513023744707
pfet_03v3_dss,0.22,0.28,1,typical,25,-0.8,-3.3,0.0,0.13203462473141808
pfet_03v3_dss,0.22,0.28,1,typical,25,-0.9,-0.0,0.0,0.030730591866049085
pfet_03v3_dss,0.22,0.28,1,typical,25,-0.9,-1.1,0.0,0.034616519022867574
pfet_03v3_dss,0.22,0.28,1,typical,25,-0.9,-2.2,0.0,0.0724100890739302
pfet_03v3_dss,0.22,0.28,1,typical,25,-0.9,-3.3,0.0,0.12674367771301728
pfet_03v3_dss,0.22,0.28,1,typical,25,-1.0,-0.0,0.0,0.03056494339845338
pfet_03v3_dss,0.22,0.28,1,typical,25,-1.0,-1.1,0.0,0.034267651381659096
pfet_03v3_dss,0.22,0.28,1,typical,25,-1.0,-2.2,0.0,0.05684314382456847
pfet_03v3_dss,0.22,0.28,1,typical,25,-1.0,-3.3,0.0,0.12066650526233096
pfet_03v3_dss,0.22,0.28,1,typical,25,-1.1,-0.0,0.0,0.03042084451051992
pfet_03v3_dss,0.22,0.28,1,typical,25,-1.1,-1.1,0.0,0.033712518930685026
pfet_03v3_dss,0.22,0.28,1,typical,25,-1.1,-2.2,0.0,0.04599482440848632
pfet_03v3_dss,0.22,0.28,1,typical,25,-1.1,-3.3,0.0,0.11368851581837823
pfet_03v3_dss,0.22,0.28,1,typical,25,-1.2,-0.0,0.0,0.03029409351167939
pfet_03v3_dss,0.22,0.28,1,typical,25,-1.2,-1.1,0.0,0.03293902589406404
pfet_03v3_dss,0.22,0.28,1,typical,25,-1.2,-2.2,0.0,0.04019299001404574
pfet_03v3_dss,0.22,0.28,1,typical,25,-1.2,-3.3,0.0,0.10569352627072014
pfet_03v3_dss,0.22,0.28,1,typical,25,-1.3,-0.0,0.0,0.030181475472026507
pfet_03v3_dss,0.22,0.28,1,typical,25,-1.3,-1.1,0.0,0.03212192440229201
pfet_03v3_dss,0.22,0.28,1,typical,25,-1.3,-2.2,0.0,0.037466665792375495
pfet_03v3_dss,0.22,0.28,1,typical,25,-1.3,-3.3,0.0,0.09659209153981327
pfet_03v3_dss,0.22,0.28,1,typical,25,-1.4,-0.0,0.0,0.03008057123638501
pfet_03v3_dss,0.22,0.28,1,typical,25,-1.4,-1.1,0.0,0.03141747278116201
pfet_03v3_dss,0.22,0.28,1,typical,25,-1.4,-2.2,0.0,0.03618896988743862
pfet_03v3_dss,0.22,0.28,1,typical,25,-1.4,-3.3,0.0,0.08638771303446538
pfet_03v3_dss,0.22,0.28,1,typical,25,-1.5,-0.0,0.0,0.029989502776394367
pfet_03v3_dss,0.22,0.28,1,typical,25,-1.5,-1.1,0.0,0.03085902990731516
pfet_03v3_dss,0.22,0.28,1,typical,25,-1.5,-2.2,0.0,0.03555203179431986
pfet_03v3_dss,0.22,0.28,1,typical,25,-1.5,-3.3,0.0,0.07532485275143569
pfet_03v3_dss,0.22,0.28,1,typical,25,-1.6,-0.0,0.0,0.029906742204574836
pfet_03v3_dss,0.22,0.28,1,typical,25,-1.6,-1.1,0.0,0.03042157662327063
pfet_03v3_dss,0.22,0.28,1,typical,25,-1.6,-2.2,0.0,0.03520507401246106
pfet_03v3_dss,0.22,0.28,1,typical,25,-1.6,-3.3,0.0,0.0641168431578302
pfet_03v3_dss,0.22,0.28,1,typical,25,-1.7,-0.0,0.0,0.029831143605316614
pfet_03v3_dss,0.22,0.28,1,typical,25,-1.7,-1.1,0.0,0.030073982221628603
pfet_03v3_dss,0.22,0.28,1,typical,25,-1.7,-2.2,0.0,0.03499594441367095
pfet_03v3_dss,0.22,0.28,1,typical,25,-1.7,-3.3,0.0,0.05403501396075353
pfet_03v3_dss,0.22,0.28,1,typical,25,-1.8,-0.0,0.0,0.029761720217955694
pfet_03v3_dss,0.22,0.28,1,typical,25,-1.8,-1.1,0.0,0.029791991488648147
pfet_03v3_dss,0.22,0.28,1,typical,25,-1.8,-2.2,0.0,0.034851750032769996
pfet_03v3_dss,0.22,0.28,1,typical,25,-1.8,-3.3,0.0,0.04635674275525095
pfet_03v3_dss,0.22,0.28,1,typical,25,-1.9,-0.0,0.0,0.02969767626776304
pfet_03v3_dss,0.22,0.28,1,typical,25,-1.9,-1.1,0.0,0.029558447521171264
pfet_03v3_dss,0.22,0.28,1,typical,25,-1.9,-2.2,0.0,0.034728245794823934
pfet_03v3_dss,0.22,0.28,1,typical,25,-1.9,-3.3,0.0,0.04141561830773347
pfet_03v3_dss,0.22,0.28,1,typical,25,-2.0,-0.0,0.0,0.029638343303966277
pfet_03v3_dss,0.22,0.28,1,typical,25,-2.0,-1.1,0.0,0.029361445529251625
pfet_03v3_dss,0.22,0.28,1,typical,25,-2.0,-2.2,0.0,0.034584688033706214
pfet_03v3_dss,0.22,0.28,1,typical,25,-2.0,-3.3,0.0,0.03857756731410686
pfet_03v3_dss,0.22,0.28,1,typical,25,-2.1,-0.0,0.0,0.029583180199749638
pfet_03v3_dss,0.22,0.28,1,typical,25,-2.1,-1.1,0.0,0.02919267762471811
pfet_03v3_dss,0.22,0.28,1,typical,25,-2.1,-2.2,0.0,0.03435964294033542
pfet_03v3_dss,0.22,0.28,1,typical,25,-2.1,-3.3,0.0,0.03701371081660938
pfet_03v3_dss,0.22,0.28,1,typical,25,-2.2,-0.0,0.0,0.029531677659286562
pfet_03v3_dss,0.22,0.28,1,typical,25,-2.2,-1.1,0.0,0.029046095919630057
pfet_03v3_dss,0.22,0.28,1,typical,25,-2.2,-2.2,0.0,0.03395507106809457
pfet_03v3_dss,0.22,0.28,1,typical,25,-2.2,-3.3,0.0,0.03614313326304626
pfet_03v3_dss,0.22,0.28,1,typical,25,-2.3,-0.0,0.0,0.02948351737268543
pfet_03v3_dss,0.22,0.28,1,typical,25,-2.3,-1.1,0.0,0.02891730773748321
pfet_03v3_dss,0.22,0.28,1,typical,25,-2.3,-2.2,0.0,0.03329871607158739
pfet_03v3_dss,0.22,0.28,1,typical,25,-2.3,-3.3,0.0,0.035638612084838754
pfet_03v3_dss,0.22,0.28,1,typical,25,-2.4,-0.0,0.0,0.029438317368076304
pfet_03v3_dss,0.22,0.28,1,typical,25,-2.4,-1.1,0.0,0.028803066317383098
pfet_03v3_dss,0.22,0.28,1,typical,25,-2.4,-2.2,0.0,0.03248861739743084
pfet_03v3_dss,0.22,0.28,1,typical,25,-2.4,-3.3,0.0,0.03533176134932327
pfet_03v3_dss,0.22,0.28,1,typical,25,-2.5,-0.0,0.0,0.02939575933556757
pfet_03v3_dss,0.22,0.28,1,typical,25,-2.5,-1.1,0.0,0.02870082518019682
pfet_03v3_dss,0.22,0.28,1,typical,25,-2.5,-2.2,0.0,0.03172206351644704
pfet_03v3_dss,0.22,0.28,1,typical,25,-2.5,-3.3,0.0,0.035134409216522854
pfet_03v3_dss,0.22,0.28,1,typical,25,-2.6,-0.0,0.0,0.029355652289224262
pfet_03v3_dss,0.22,0.28,1,typical,25,-2.6,-1.1,0.0,0.02860861080459637
pfet_03v3_dss,0.22,0.28,1,typical,25,-2.6,-2.2,0.0,0.031093465142488556
pfet_03v3_dss,0.22,0.28,1,typical,25,-2.6,-3.3,0.0,0.03500071906204515
pfet_03v3_dss,0.22,0.28,1,typical,25,-2.7,-0.0,0.0,0.02931770975014392
pfet_03v3_dss,0.22,0.28,1,typical,25,-2.7,-1.1,0.0,0.02852495896508032
pfet_03v3_dss,0.22,0.28,1,typical,25,-2.7,-2.2,0.0,0.030599098049823515
pfet_03v3_dss,0.22,0.28,1,typical,25,-2.7,-3.3,0.0,0.03490490778466947
pfet_03v3_dss,0.22,0.28,1,typical,25,-2.8,-0.0,0.0,0.02928180439436991
pfet_03v3_dss,0.22,0.28,1,typical,25,-2.8,-1.1,0.0,0.028448596422082226
pfet_03v3_dss,0.22,0.28,1,typical,25,-2.8,-2.2,0.0,0.03020865913677031
pfet_03v3_dss,0.22,0.28,1,typical,25,-2.8,-3.3,0.0,0.03483042327003189
pfet_03v3_dss,0.22,0.28,1,typical,25,-2.9,-0.0,0.0,0.029247713404978098
pfet_03v3_dss,0.22,0.28,1,typical,25,-2.9,-1.1,0.0,0.028378568245927237
pfet_03v3_dss,0.22,0.28,1,typical,25,-2.9,-2.2,0.0,0.029894550935726037
pfet_03v3_dss,0.22,0.28,1,typical,25,-2.9,-3.3,0.0,0.03476644298181756
pfet_03v3_dss,0.22,0.28,1,typical,25,-3.0,-0.0,0.0,0.02921530945801184
pfet_03v3_dss,0.22,0.28,1,typical,25,-3.0,-1.1,0.0,0.028314014999908006
pfet_03v3_dss,0.22,0.28,1,typical,25,-3.0,-2.2,0.0,0.02963656076857324
pfet_03v3_dss,0.22,0.28,1,typical,25,-3.0,-3.3,0.0,0.03470150776392839
pfet_03v3_dss,0.22,0.28,1,typical,25,-3.1,-0.0,0.0,0.029184433398525316
pfet_03v3_dss,0.22,0.28,1,typical,25,-3.1,-1.1,0.0,0.0282543000642413
pfet_03v3_dss,0.22,0.28,1,typical,25,-3.1,-2.2,0.0,0.029420492014145944
pfet_03v3_dss,0.22,0.28,1,typical,25,-3.1,-3.3,0.0,0.03461970212178371
pfet_03v3_dss,0.22,0.28,1,typical,25,-3.2,-0.0,0.0,0.029154989733551066
pfet_03v3_dss,0.22,0.28,1,typical,25,-3.2,-1.1,0.0,0.028198850481122216
pfet_03v3_dss,0.22,0.28,1,typical,25,-3.2,-2.2,0.0,0.0292365088967933
pfet_03v3_dss,0.22,0.28,1,typical,25,-3.2,-3.3,0.0,0.03448983168600537
pfet_03v3_dss,0.22,0.28,1,typical,25,-3.3,-0.0,0.0,0.029126882970121587
pfet_03v3_dss,0.22,0.28,1,typical,25,-3.3,-1.1,0.0,0.028147220616702495
pfet_03v3_dss,0.22,0.28,1,typical,25,-3.3,-2.2,0.0,0.029077608598899806
pfet_03v3_dss,0.22,0.28,1,typical,25,-3.3,-3.3,0.0,0.0342491894079455
pfet_03v3_dss,0.22,10.0,1,typical,25,-0.0,-0.0,0.0,0.04015001817867791
pfet_03v3_dss,0.22,10.0,1,typical,25,-0.0,-1.1,0.0,4.1404795771418605
pfet_03v3_dss,0.22,10.0,1,typical,25,-0.0,-2.2,0.0,4.538748913528763
pfet_03v3_dss,0.22,10.0,1,typical,25,-0.0,-3.3,0.0,4.615334273450988
pfet_03v3_dss,0.22,10.0,1,typical,25,-0.1,-0.0,0.0,0.034220223207808674
pfet_03v3_dss,0.22,10.0,1,typical,25,-0.1,-1.1,0.0,2.6614303840669855
pfet_03v3_dss,0.22,10.0,1,typical,25,-0.1,-2.2,0.0,4.308451706946343
pfet_03v3_dss,0.22,10.0,1,typical,25,-0.1,-3.3,0.0,4.494472007605314
pfet_03v3_dss,0.22,10.0,1,typical,25,-0.2,-0.0,0.0,0.03342031045018377
pfet_03v3_dss,0.22,10.0,1,typical,25,-0.2,-1.1,0.0,0.8461313538871972
pfet_03v3_dss,0.22,10.0,1,typical,25,-0.2,-2.2,0.0,4.026874776824977
pfet_03v3_dss,0.22,10.0,1,typical,25,-0.2,-3.3,0.0,4.359253965647869
pfet_03v3_dss,0.22,10.0,1,typical,25,-0.3,-0.0,0.0,0.03273594418321459
pfet_03v3_dss,0.22,10.0,1,typical,25,-0.3,-1.1,0.0,0.20723056197675024
pfet_03v3_dss,0.22,10.0,1,typical,25,-0.3,-2.2,0.0,3.6788665723238587
pfet_03v3_dss,0.22,10.0,1,typical,25,-0.3,-3.3,0.0,4.207356485369873
pfet_03v3_dss,0.22,10.0,1,typical,25,-0.4,-0.0,0.0,0.03219418074768829
pfet_03v3_dss,0.22,10.0,1,typical,25,-0.4,-1.1,0.0,0.08604584821087241
pfet_03v3_dss,0.22,10.0,1,typical,25,-0.4,-2.2,0.0,3.245201175989528
pfet_03v3_dss,0.22,10.0,1,typical,25,-0.4,-3.3,0.0,4.0360739326926085
pfet_03v3_dss,0.22,10.0,1,typical,25,-0.5,-0.0,0.0,0.03176895056348172
pfet_03v3_dss,0.22,10.0,1,typical,25,-0.5,-1.1,0.0,0.0559458282401098
pfet_03v3_dss,0.22,10.0,1,typical,25,-0.5,-2.2,0.0,2.7049433462505608
pfet_03v3_dss,0.22,10.0,1,typical,25,-0.5,-3.3,0.0,3.842064053754137
pfet_03v3_dss,0.22,10.0,1,typical,25,-0.6,-0.0,0.0,0.031430491655729004
pfet_03v3_dss,0.22,10.0,1,typical,25,-0.6,-1.1,0.0,0.04571789480278251
pfet_03v3_dss,0.22,10.0,1,typical,25,-0.6,-2.2,0.0,2.0497501808477647
pfet_03v3_dss,0.22,10.0,1,typical,25,-0.6,-3.3,0.0,3.621347974909286
pfet_03v3_dss,0.22,10.0,1,typical,25,-0.7,-0.0,0.0,0.031155344585418233
pfet_03v3_dss,0.22,10.0,1,typical,25,-0.7,-1.1,0.0,0.04138474224824695
pfet_03v3_dss,0.22,10.0,1,typical,25,-0.7,-2.2,0.0,1.330532163845815
pfet_03v3_dss,0.22,10.0,1,typical,25,-0.7,-3.3,0.0,3.369278371740499
pfet_03v3_dss,0.22,10.0,1,typical,25,-0.8,-0.0,0.0,0.030926989069174658
pfet_03v3_dss,0.22,10.0,1,typical,25,-0.8,-1.1,0.0,0.039218643435816596
pfet_03v3_dss,0.22,10.0,1,typical,25,-0.8,-2.2,0.0,0.7111743260408749
pfet_03v3_dss,0.22,10.0,1,typical,25,-0.8,-3.3,0.0,3.0804312436946786
pfet_03v3_dss,0.22,10.0,1,typical,25,-0.9,-0.0,0.0,0.03073402961287851
pfet_03v3_dss,0.22,10.0,1,typical,25,-0.9,-1.1,0.0,0.03794126584077133
pfet_03v3_dss,0.22,10.0,1,typical,25,-0.9,-2.2,0.0,0.3403178375197344
pfet_03v3_dss,0.22,10.0,1,typical,25,-0.9,-3.3,0.0,2.749089745118447
pfet_03v3_dss,0.22,10.0,1,typical,25,-1.0,-0.0,0.0,0.03056841297627197
pfet_03v3_dss,0.22,10.0,1,typical,25,-1.0,-1.1,0.0,0.03698697278571384
pfet_03v3_dss,0.22,10.0,1,typical,25,-1.0,-2.2,0.0,0.17302561764373903
pfet_03v3_dss,0.22,10.0,1,typical,25,-1.0,-3.3,0.0,2.3703996501646967
pfet_03v3_dss,0.22,10.0,1,typical,25,-1.1,-0.0,0.0,0.030424377750316825
pfet_03v3_dss,0.22,10.0,1,typical,25,-1.1,-1.1,0.0,0.03603936423838024
pfet_03v3_dss,0.22,10.0,1,typical,25,-1.1,-2.2,0.0,0.10313749784106316
pfet_03v3_dss,0.22,10.0,1,typical,25,-1.1,-3.3,0.0,1.9439248742819166
pfet_03v3_dss,0.22,10.0,1,typical,25,-1.2,-0.0,0.0,0.030297658582465466
pfet_03v3_dss,0.22,10.0,1,typical,25,-1.2,-1.1,0.0,0.035007085259877425
pfet_03v3_dss,0.22,10.0,1,typical,25,-1.2,-2.2,0.0,0.07231236793720484
pfet_03v3_dss,0.22,10.0,1,typical,25,-1.2,-3.3,0.0,1.4820253905614622
pfet_03v3_dss,0.22,10.0,1,typical,25,-1.3,-0.0,0.0,0.030185104204790904
pfet_03v3_dss,0.22,10.0,1,typical,25,-1.3,-1.1,0.0,0.03402159783544181
pfet_03v3_dss,0.22,10.0,1,typical,25,-1.3,-2.2,0.0,0.057411963600881924
pfet_03v3_dss,0.22,10.0,1,typical,25,-1.3,-3.3,0.0,1.0233472029441373
pfet_03v3_dss,0.22,10.0,1,typical,25,-1.4,-0.0,0.0,0.030084231800138566
pfet_03v3_dss,0.22,10.0,1,typical,25,-1.4,-1.1,0.0,0.033204496343669766
pfet_03v3_dss,0.22,10.0,1,typical,25,-1.4,-2.2,0.0,0.04954015998127828
pfet_03v3_dss,0.22,10.0,1,typical,25,-1.4,-3.3,0.0,0.6341910787541325
pfet_03v3_dss,0.22,10.0,1,typical,25,-1.5,-0.0,0.0,0.02999322700212624
pfet_03v3_dss,0.22,10.0,1,typical,25,-1.5,-1.1,0.0,0.03256596670109294
pfet_03v3_dss,0.22,10.0,1,typical,25,-1.5,-2.2,0.0,0.045052627129310144
pfet_03v3_dss,0.22,10.0,1,typical,25,-1.5,-3.3,0.0,0.3665720373800218
pfet_03v3_dss,0.22,10.0,1,typical,25,-1.6,-0.0,0.0,0.02991053009228504
pfet_03v3_dss,0.22,10.0,1,typical,25,-1.6,-1.1,0.0,0.03206940327017577
pfet_03v3_dss,0.22,10.0,1,typical,25,-1.6,-2.2,0.0,0.042325029668073444
pfet_03v3_dss,0.22,10.0,1,typical,25,-1.6,-3.3,0.0,0.21364514291254694
pfet_03v3_dss,0.22,10.0,1,typical,25,-1.7,-0.0,0.0,0.029834963324015976
pfet_03v3_dss,0.22,10.0,1,typical,25,-1.7,-1.1,0.0,0.03167635421601133
pfet_03v3_dss,0.22,10.0,1,typical,25,-1.7,-2.2,0.0,0.04057273371474073
pfet_03v3_dss,0.22,10.0,1,typical,25,-1.7,-3.3,0.0,0.13411350663354632
pfet_03v3_dss,0.22,10.0,1,typical,25,-1.8,-0.0,0.0,0.029765603598633377
pfet_03v3_dss,0.22,10.0,1,typical,25,-1.8,-1.1,0.0,0.0313591584090184
pfet_03v3_dss,0.22,10.0,1,typical,25,-1.8,-2.2,0.0,0.039383527959672426
pfet_03v3_dss,0.22,10.0,1,typical,25,-1.8,-3.3,0.0,0.0930980038595711
pfet_03v3_dss,0.22,10.0,1,typical,25,-1.9,-0.0,0.0,0.02970159147942989
pfet_03v3_dss,0.22,10.0,1,typical,25,-1.9,-1.1,0.0,0.03109782598800366
pfet_03v3_dss,0.22,10.0,1,typical,25,-1.9,-2.2,0.0,0.03852058984350803
pfet_03v3_dss,0.22,10.0,1,typical,25,-1.9,-3.3,0.0,0.07116581570761275
pfet_03v3_dss,0.22,10.0,1,typical,25,-2.0,-0.0,0.0,0.02964229034662228
pfet_03v3_dss,0.22,10.0,1,typical,25,-2.0,-1.1,0.0,0.030878637796638558
pfet_03v3_dss,0.22,10.0,1,typical,25,-2.0,-2.2,0.0,0.03781776160282526
pfet_03v3_dss,0.22,10.0,1,typical,25,-2.0,-3.3,0.0,0.05883671867574427
pfet_03v3_dss,0.22,10.0,1,typical,25,-2.1,-0.0,0.0,0.02958719090438397
pfet_03v3_dss,0.22,10.0,1,typical,25,-2.1,-1.1,0.0,0.030691917214218035
pfet_03v3_dss,0.22,10.0,1,typical,25,-2.1,-2.2,0.0,0.037122254489649606
pfet_03v3_dss,0.22,10.0,1,typical,25,-2.1,-3.3,0.0,0.05153596300169538
pfet_03v3_dss,0.22,10.0,1,typical,25,-2.2,-0.0,0.0,0.029535752025899215
pfet_03v3_dss,0.22,10.0,1,typical,25,-2.2,-1.1,0.0,0.03053069325411576
pfet_03v3_dss,0.22,10.0,1,typical,25,-2.2,-2.2,0.0,0.03628860088351367
pfet_03v3_dss,0.22,10.0,1,typical,25,-2.2,-3.3,0.0,0.046994317468152934
pfet_03v3_dss,0.22,10.0,1,typical,25,-2.3,-0.0,0.0,0.029487623570287242
pfet_03v3_dss,0.22,10.0,1,typical,25,-2.3,-1.1,0.0,0.030389809296087596
pfet_03v3_dss,0.22,10.0,1,typical,25,-2.3,-2.2,0.0,0.03529802050081223
pfet_03v3_dss,0.22,10.0,1,typical,25,-2.3,-3.3,0.0,0.04404326646300351
pfet_03v3_dss,0.22,10.0,1,typical,25,-2.4,-0.0,0.0,0.02944245539666728
pfet_03v3_dss,0.22,10.0,1,typical,25,-2.4,-1.1,0.0,0.030265509283412494
pfet_03v3_dss,0.22,10.0,1,typical,25,-2.4,-2.2,0.0,0.034318262654425655
pfet_03v3_dss,0.22,10.0,1,typical,25,-2.4,-3.3,0.0,0.04205128316128577
pfet_03v3_dss,0.22,10.0,1,typical,25,-2.5,-0.0,0.0,0.02939999285712603
pfet_03v3_dss,0.22,10.0,1,typical,25,-2.5,-1.1,0.0,0.030154832934098454
pfet_03v3_dss,0.22,10.0,1,typical,25,-2.5,-2.2,0.0,0.03348938369666391
pfet_03v3_dss,0.22,10.0,1,typical,25,-2.5,-3.3,0.0,0.0406612238646093
pfet_03v3_dss,0.22,10.0,1,typical,25,-2.6,-0.0,0.0,0.029359917641771885
pfet_03v3_dss,0.22,10.0,1,typical,25,-2.6,-1.1,0.0,0.030055520247915017
pfet_03v3_dss,0.22,10.0,1,typical,25,-2.6,-2.2,0.0,0.03283175546059028
pfet_03v3_dss,0.22,10.0,1,typical,25,-2.6,-3.3,0.0,0.0396620491148343
pfet_03v3_dss,0.22,10.0,1,typical,25,-2.7,-0.0,0.0,0.029322038764669864
pfet_03v3_dss,0.22,10.0,1,typical,25,-2.7,-1.1,0.0,0.029965788689469152
pfet_03v3_dss,0.22,10.0,1,typical,25,-2.7,-2.2,0.0,0.03231354695704338
pfet_03v3_dss,0.22,10.0,1,typical,25,-2.7,-3.3,0.0,0.03892261523661598
pfet_03v3_dss,0.22,10.0,1,typical,25,-2.8,-0.0,0.0,0.029286165239885018
pfet_03v3_dss,0.22,10.0,1,typical,25,-2.8,-1.1,0.0,0.029884205864248597
pfet_03v3_dss,0.22,10.0,1,typical,25,-2.8,-2.2,0.0,0.03189942578805412
pfet_03v3_dss,0.22,10.0,1,typical,25,-2.8,-3.3,0.0,0.0383579334888935
pfet_03v3_dss,0.22,10.0,1,typical,25,-2.9,-0.0,0.0,0.029252137912471523
pfet_03v3_dss,0.22,10.0,1,typical,25,-2.9,-1.1,0.0,0.029809657687632697
pfet_03v3_dss,0.22,10.0,1,typical,25,-2.9,-2.2,0.0,0.03156182631700876
pfet_03v3_dss,0.22,10.0,1,typical,25,-2.9,-3.3,0.0,0.037907524992260286
pfet_03v3_dss,0.22,10.0,1,typical,25,-3.0,-0.0,0.0,0.029219765796494428
pfet_03v3_dss,0.22,10.0,1,typical,25,-3.0,-1.1,0.0,0.02974118922994662
pfet_03v3_dss,0.22,10.0,1,typical,25,-3.0,-2.2,0.0,0.03128174544337798
pfet_03v3_dss,0.22,10.0,1,typical,25,-3.0,-3.3,0.0,0.037518868614600125
pfet_03v3_dss,0.22,10.0,1,typical,25,-3.1,-0.0,0.0,0.029188953398986233
pfet_03v3_dss,0.22,10.0,1,typical,25,-3.1,-1.1,0.0,0.029678036547450486
pfet_03v3_dss,0.22,10.0,1,typical,25,-3.1,-2.2,0.0,0.031045527672811553
pfet_03v3_dss,0.22,10.0,1,typical,25,-3.1,-3.3,0.0,0.03713053054683156
pfet_03v3_dss,0.22,10.0,1,typical,25,-3.2,-0.0,0.0,0.0291595733959903
pfet_03v3_dss,0.22,10.0,1,typical,25,-3.2,-1.1,0.0,0.02961953118937191
pfet_03v3_dss,0.22,10.0,1,typical,25,-3.2,-2.2,0.0,0.03084343272262609
pfet_03v3_dss,0.22,10.0,1,typical,25,-3.2,-3.3,0.0,0.03665083754016991
pfet_03v3_dss,0.22,10.0,1,typical,25,-3.3,-0.0,0.0,0.029131498463549982
pfet_03v3_dss,0.22,10.0,1,typical,25,-3.3,-1.1,0.0,0.02956513202889515
pfet_03v3_dss,0.22,10.0,1,typical,25,-3.3,-2.2,0.0,0.03066842594421695
pfet_03v3_dss,0.22,10.0,1,typical,25,-3.3,-3.3,0.0,0.03596869944244202
